title,artist,rank,genre,year
Whom Shall I Fear (God Of Angel Armies),Chris Tomlin,1,Christian,2013
"Hello, My Name Is",Matthew West,2,Christian,2013
One Thing Remains,Passion Featuring Kristian Stanfill,3,Christian,2013
You Are I Am,MercyMe,4,Christian,2013
Words,Hawk Nelson Featuring Bart Millard,5,Christian,2013
Every Good Thing,The Afters,6,Christian,2013
Help Me Find It,Sidewalk Prophets,7,Christian,2013
We Won't Be Shaken,Building 429,8,Christian,2013
Steal My Show,tobyMac,9,Christian,2013
Redeemed,Big Daddy Weave,10,Christian,2013
Need You Now (How Many Times),Plumb,11,Christian,2013
Overcomer,Mandisa,13,Christian,2013
"10,000 Reasons (Bless The Lord)",Matt Redman,14,Christian,2013
Worn,Tenth Avenue North,15,Christian,2013
My God,Jeremy Camp,16,Christian,2013
Strangely Dim,Francesca Battistelli,17,Christian,2013
You Are,Colton Dixon,18,Christian,2013
I Need A Miracle,Third Day,19,Christian,2013
Kings & Queens,Audio Adrenaline,20,Christian,2013
Your Love Never Fails,newsboys,21,Christian,2013
He Is With Us,Love & The Outcome,22,Christian,2013
Live With Abandon,newsboys,23,Christian,2013
Hurricane,Natalie Grant,24,Christian,2013
Forgiveness,Matthew West,25,Christian,2013
The Only Name (Yours Will Be),Big Daddy Weave,26,Christian,2013
God's Great Dance Floor,Chris Tomlin,27,Christian,2013
Love Take Me Over,Steven Curtis Chapman,28,Christian,2013
Carry Me,Josh Wilson,29,Christian,2013
Already There,Casting Crowns,30,Christian,2013
Just Say Jesus,7eventh Time Down,31,Christian,2013
God Of Brilliant Lights,Aaron Shust,32,Christian,2013
Gold,Britt Nicole,33,Christian,2013
Your Love Is Like A River,Third Day,34,Christian,2013
Speak Life,tobyMac,35,Christian,2013
Lift My Life Up,Unspoken,36,Christian,2013
Middle Of Your Heart,for KING & COUNTRY,37,Christian,2013
Good To Be Alive,Jason Gray,38,Christian,2013
Nothing Ever (Could Separate Us),Citizen Way,39,Christian,2013
Build Your Kingdom Here,Rend Collective Experiment,40,Christian,2013
Promises,Sanctus Real,41,Christian,2013
Jesus In Disguise,Brandon Heath,42,Christian,2013
Beautiful Day,Jamie Grace,43,Christian,2013
The Lord Our God,Passion Featuring Kristian Stanfill,44,Christian,2013
Changed,Rascal Flatts,45,Christian,2013
Starts With Me,Tim Timmons,46,Christian,2013
Come To The River,Rhett Walker Band,47,Christian,2013
Who You Are,Unspoken,48,Christian,2013
Pray,Sanctus Real,49,Christian,2013
Believer,Audio Adrenaline,50,Christian,2013
Oceans (Where Feet May Fail),Hillsong UNITED,1,Christian,2014
Something In The Water,Carrie Underwood,2,Christian,2014
We Believe,newsboys,3,Christian,2014
This Is Amazing Grace,Phil Wickham,4,Christian,2014
Fix My Eyes,for KING & COUNTRY,5,Christian,2014
Greater,MercyMe,6,Christian,2014
Start A Fire,Unspoken,7,Christian,2014
Hope In Front Of Me,Danny Gokey,8,Christian,2014
I Am,Crowder,9,Christian,2014
Beautiful Day,Jamie Grace,10,Christian,2014
Multiplied,NEEDTOBREATHE,11,Christian,2014
Write Your Story,Francesca Battistelli,12,Christian,2014
The Only Name (Yours Will Be),Big Daddy Weave,13,Christian,2014
Overcomer,Mandisa,14,Christian,2014
Thrive,Casting Crowns,15,Christian,2014
Speak Life,tobyMac,16,Christian,2014
Do Something,Matthew West,17,Christian,2014
Shake,MercyMe,18,Christian,2014
Overwhelmed,Big Daddy Weave,19,Christian,2014
He Knows My Name,Francesca Battistelli,20,Christian,2014
All The People Said Amen,Matt Maher,21,Christian,2014
Press On,Building 429 Featuring Blanca Callahan,22,Christian,2014
More Of You,Colton Dixon,23,Christian,2014
Let Them See You,JJ Weeks Band,24,Christian,2014
God's Not Dead (Like A Lion),newsboys,25,Christian,2014
Keep Making Me,Sidewalk Prophets,26,Christian,2014
My Heart Is Yours,Passion Featuring Kristian Stanfill,27,Christian,2014
Waterfall,Chris Tomlin,28,Christian,2014
No Man Is An Island,Tenth Avenue North,29,Christian,2014
All I Need Is You,Lecrae,30,Christian,2014
Back To You,Mandisa,31,Christian,2014
Not Gonna Die,Skillet,32,Christian,2014
Broken Hallelujah,The Afters,33,Christian,2014
You Won't Let Go,Michael W. Smith,34,Christian,2014
All You've Ever Wanted,Casting Crowns,35,Christian,2014
With Every Act Of Love,Jason Gray,36,Christian,2014
Forever,Kari Jobe,37,Christian,2014
How Sweet The Sound,Citizen Way,38,Christian,2014
Don't Deserve You,Plumb,39,Christian,2014
King Of My Heart,Love & The Outcome,40,Christian,2014
"Lord, I Need You",Matt Maher,41,Christian,2014
Nuthin,Lecrae,42,Christian,2014
Love Alone Is Worth The Fight,Switchfoot,43,Christian,2014
My Lighthouse,Rend Collective,44,Christian,2014
Jesus Loves Me,Chris Tomlin,45,Christian,2014
Alive,Hillsong Young & Free,46,Christian,2014
Do Life Big,Jamie Grace,47,Christian,2014
You Make Me Brave,Bethel Music,48,Christian,2014
Open Up The Heavens,Meredith Andrews,49,Christian,2014
Say I Won't,Lecrae Featuring Andy Mineo,50,Christian,2014
Come As You Are,Crowder,51,Christian,2014
Your Grace Finds Me,Matt Redman,52,Christian,2014
Glorious Unfolding,Steven Curtis Chapman,53,Christian,2014
You Carry Me,Moriah Peters,54,Christian,2014
Come Alive,Jeremy Camp,55,Christian,2014
You Can't Stop Me,Andy Mineo,56,Christian,2014
Made New,Lincoln Brewster,57,Christian,2014
Beautiful,Dan Bremnes,58,Christian,2014
The Broken Beautiful,Ellie Holcomb,59,Christian,2014
Fear,Lecrae,60,Christian,2014
Love Take Me Over,Steven Curtis Chapman,61,Christian,2014
Wake,Hillsong Young & Free,62,Christian,2014
Today Is Beautiful,David Dunn,63,Christian,2014
Difference Maker,NEEDTOBREATHE,64,Christian,2014
Completely,Among The Thirsty,65,Christian,2014
The Heart,NEEDTOBREATHE,66,Christian,2014
Ready Set Go,Royal Tailor Featuring Capital Kings,67,Christian,2014
Who We Are,Switchfoot,68,Christian,2014
The One I'm Running To,7eventh Time Down,69,Christian,2014
Break Every Chain,The Digital Age,70,Christian,2014
Lord I'm Ready Now,Plumb,71,Christian,2014
Hold You Up,Shane Harper,72,Christian,2014
I'm Turnt,Lecrae,73,Christian,2014
Sick Of It,Skillet,74,Christian,2014
Songs Of The Year 2014 Mash-Up,Anthem Lights,75,Christian,2014
Closer To Your Heart,Natalie Grant,76,Christian,2014
Say Amen,Finding Favour,77,Christian,2014
Take The Bullets Away,We As Human Featuring Lacey Sturm,78,Christian,2014
Messengers,Lecrae Featuring for KING & COUNTRY,79,Christian,2014
No One Higher,Aaron Shust,80,Christian,2014
Thank God I Got Her,Jonny Diaz,81,Christian,2014
Here For A Reason,Ashes Remain,82,Christian,2014
Lay It Down,Sanctus Real,83,Christian,2014
He Knows,Jeremy Camp,84,Christian,2014
When We Come Alive,Switchfoot,85,Christian,2014
You're Not Alone,Owl City Featuring Britt Nicole,86,Christian,2014
No Other Name,Hillsong Worship,87,Christian,2014
This I Believe (The Creed),Hillsong Worship,88,Christian,2014
God's Great Dance Floor,Chris Tomlin,89,Christian,2014
In Christ Alone,Passion Featuring Kristian Stanfill,90,Christian,2014
Relentless,Hillsong UNITED,91,Christian,2014
I Can Just Be Me,Laura Story,92,Christian,2014
You Amaze Us,Selah,93,Christian,2014
Fire And Fury,Skillet,94,Christian,2014
We Are Brave,Shawn McDonald,95,Christian,2014
Architecture,Jonathan Thulin,96,Christian,2014
"Hello, My Name Is",Matthew West,97,Christian,2014
Never Once,one sonic society,98,Christian,2014
Outsiders,Lecrae,99,Christian,2014
Wasteland,NEEDTOBREATHE,100,Christian,2014
Something In The Water,Carrie Underwood,1,Christian,2015
Oceans (Where Feet May Fail),Hillsong UNITED,2,Christian,2015
Brother,NEEDTOBREATHE Featuring Gavin DeGraw,3,Christian,2015
Soul On Fire,Third Day Featuring All Sons & Daughters,4,Christian,2015
Flawless,MercyMe,5,Christian,2015
Touch The Sky,Hillsong UNITED,6,Christian,2015
Holy Spirit,Francesca Battistelli,7,Christian,2015
Shoulders,for KING & COUNTRY,8,Christian,2015
Greater,MercyMe,9,Christian,2015
Drops In The Ocean,Hawk Nelson,10,Christian,2015
Because He Lives (Amen),Matt Maher,11,Christian,2015
First,Lauren Daigle,12,Christian,2015
How Can It Be,Lauren Daigle,13,Christian,2015
Even So Come,Passion Featuring Kristian Stanfill,14,Christian,2015
At The Cross (Love Ran Red),Chris Tomlin,15,Christian,2015
He Knows My Name,Francesca Battistelli,16,Christian,2015
Come As You Are,Crowder,17,Christian,2015
Feel It,tobyMac Featuring Mr. Talkbox,18,Christian,2015
Through All Of It,Colton Dixon,19,Christian,2015
Beyond Me,tobyMac,20,Christian,2015
Day One,Matthew West,21,Christian,2015
He Knows,Jeremy Camp,22,Christian,2015
I Am Not Alone,Kari Jobe,23,Christian,2015
Broken Together,Casting Crowns,24,Christian,2015
Same Power,Jeremy Camp,25,Christian,2015
Jesus Loves Me,Chris Tomlin,26,Christian,2015
"That Was Then, This Is Now",Josh Wilson,27,Christian,2015
Lift Your Head Weary Sinner (Chains),Crowder,28,Christian,2015
Exhale,Plumb,29,Christian,2015
My Story,Big Daddy Weave,30,Christian,2015
Overwhelmed,Big Daddy Weave,31,Christian,2015
Just Be Held,Casting Crowns,32,Christian,2015
Cast My Cares,Finding Favour,33,Christian,2015
Prodigal,Sidewalk Prophets,34,Christian,2015
There Is Power,Lincoln Brewster,35,Christian,2015
Who I Am,Blanca,36,Christian,2015
Good Fight,Unspoken,37,Christian,2015
Air I Breathe,Mat Kearney,38,Christian,2015
Lord I'm Ready Now,Plumb,39,Christian,2015
Impossible,Building 429,40,Christian,2015
The River,Jordan Feliz,41,Christian,2015
Good Good Father,Chris Tomlin,42,Christian,2015
Something Beautiful,Steven Curtis Chapman,43,Christian,2015
The Old Rugged Cross,Craig Wayne Boyd,44,Christian,2015
You Will Never Run,Rend Collective,45,Christian,2015
This Is Living,Hillsong Young & Free Featuring Lecrae,46,Christian,2015
I'll Keep On,NF Featuring Jeremiah Carlson,47,Christian,2015
Save My Life,Sidewalk Prophets,48,Christian,2015
The Maker,Chris August,49,Christian,2015
No Turning Back,Brandon Heath,50,Christian,2015
Oceans (Where Feet May Fail),Hillsong UNITED,1,Christian,2016
Trust In You,Lauren Daigle,2,Christian,2016
Good Good Father,Chris Tomlin,3,Christian,2016
Thy Will,Hillary Scott & The Scott Family,4,Christian,2016
Tell Your Heart To Beat Again,Danny Gokey,5,Christian,2016
Eye Of The Storm,Ryan Stevenson Featuring GabeReal,6,Christian,2016
Breathe,Jonny Diaz,7,Christian,2016
The River,Jordan Feliz,8,Christian,2016
Priceless,for KING & COUNTRY,9,Christian,2016
Just Be Held,Casting Crowns,10,Christian,2016
Feel Invincible,Skillet,11,Christian,2016
God Is On The Move,7eventh Time Down,12,Christian,2016
Move (Keep Walkin'),tobyMac,13,Christian,2016
Dear Younger Me,MercyMe,14,Christian,2016
Christ In Me,Jeremy Camp,15,Christian,2016
The God I Know,Love & The Outcome,16,Christian,2016
Chain Breaker,Zach Williams,17,Christian,2016
It's Not Over Yet,for KING & COUNTRY,18,Christian,2016
Grace Wins,Matthew West,19,Christian,2016
You Are Loved,Stars Go Dim,20,Christian,2016
If We're Honest,Francesca Battistelli,21,Christian,2016
Happiness,NEEDTOBREATHE,22,Christian,2016
The Lion And The Lamb,Big Daddy Weave,23,Christian,2016
Diamonds,Hawk Nelson,24,Christian,2016
Ever Be,Aaron Shust,25,Christian,2016
Never Too Far Gone,Jordan Feliz,26,Christian,2016
My Story,Big Daddy Weave,27,Christian,2016
One Step Away,Casting Crowns,28,Christian,2016
Great Is Thy Faithfulness,Jordan Smith,29,Christian,2016
Mary Did You Know,Jordan Smith,30,Christian,2016
Jesus,Chris Tomlin,31,Christian,2016
Fierce,Jesus Culture Featuring Chris Quilala,32,Christian,2016
Sparrows,Jason Gray,33,Christian,2016
Your Love Awakens Me,Phil Wickham,34,Christian,2016
Everything Comes Alive,We Are Messengers,35,Christian,2016
Alone,Hollyn Featuring TRU,36,Christian,2016
Mended,Matthew West,37,Christian,2016
Great Are You Lord,one sonic society,38,Christian,2016
Same Power,Jeremy Camp,39,Christian,2016
Slow Down,Nichole Nordeman,40,Christian,2016
When I'm With You,Citizen Way,41,Christian,2016
My Victory,Crowder,42,Christian,2016
King Of The World,Natalie Grant,43,Christian,2016
What You Want,Tenth Avenue North,44,Christian,2016
Hallelujah,Jordan Smith,45,Christian,2016
Guilty,newsboys,46,Christian,2016
Higher,Unspoken,47,Christian,2016
Call It Grace,Unspoken,48,Christian,2016
Live It Well,Switchfoot,49,Christian,2016
O Come To The Altar,Elevation Worship,50,Christian,2016
What A Beautiful Name,Hillsong Worship,1,Christian,2017
Even If,MercyMe,2,Christian,2017
I'll Find You,Lecrae Featuring Tori Kelly,3,Christian,2017
Chain Breaker,Zach Williams,4,Christian,2017
Oh My Soul,Casting Crowns,5,Christian,2017
O Come To The Altar,Elevation Worship,6,Christian,2017
Hills And Valleys,Tauren Wells,7,Christian,2017
Old Church Choir,Zach Williams,8,Christian,2017
Blessings,Lecrae Featuring Ty Dolla $ign,9,Christian,2017
Oceans (Where Feet May Fail),Hillsong UNITED,10,Christian,2017
Love Broke Thru,tobyMac,11,Christian,2017
Home,Chris Tomlin,12,Christian,2017
Broken Things,Matthew West,13,Christian,2017
I Have This Hope,Tenth Avenue North,14,Christian,2017
Unfinished,Mandisa,15,Christian,2017
Hard Love,NEEDTOBREATHE,16,Christian,2017
Testify,NEEDTOBREATHE,17,Christian,2017
Bulletproof,Citizen Way,18,Christian,2017
The Gospel,Ryan Stevenson,19,Christian,2017
Beloved,Jordan Feliz,20,Christian,2017
The Comeback,Danny Gokey,21,Christian,2017
Thy Will,Hillary Scott & The Scott Family,22,Christian,2017
Forgiven,Crowder,23,Christian,2017
Never Been A Moment,Micah Tyler,24,Christian,2017
Rise,Danny Gokey,25,Christian,2017
Word Of Life,Jeremy Camp,26,Christian,2017
Wonder,Hillsong UNITED,27,Christian,2017
Come Alive (Dry Bones),Lauren Daigle,28,Christian,2017
Magnify,We Are Messengers,29,Christian,2017
Back To God,Reba McEntire & Lauren Daigle,30,Christian,2017
King Of The World,Natalie Grant,31,Christian,2017
The Cure,Unspoken,32,Christian,2017
Different,Micah Tyler,33,Christian,2017
Whole Heart,Brandon Heath,34,Christian,2017
O God Forgive Us,for KING & COUNTRY Featuring KB,35,Christian,2017
I Wanna Go Back,David Dunn,36,Christian,2017
Point To You,We Are Messengers,37,Christian,2017
O'Lord,Lauren Daigle,38,Christian,2017
King Of My Heart,Kutless,39,Christian,2017
Fearless,Jasmine Murray,40,Christian,2017
Live Like You're Loved,Hawk Nelson,41,Christian,2017
When I Pray For You,Dan + Shay,42,Christian,2017
Feel Invincible,Skillet,43,Christian,2017
Great Are You Lord,one sonic society,44,Christian,2017
Your Love Defends Me,Matt Maher,45,Christian,2017
Clean,Natalie Grant,46,Christian,2017
The Lion And The Lamb,Big Daddy Weave,47,Christian,2017
All That Matters,Colton Dixon,48,Christian,2017
Throne Room,Kim Walker-Smith,49,Christian,2017
Jesus,Chris Tomlin,50,Christian,2017
Giants Fall,Francesca Battistelli,51,Christian,2017
Lions,Skillet,52,Christian,2017
Hammer Time,Lecrae Featuring 1K Phew,53,Christian,2017
Only King Forever,7eventh Time Down,54,Christian,2017
Priceless,for KING & COUNTRY,55,Christian,2017
So Will I (100 Billion X),Hillsong UNITED,56,Christian,2017
God Help Me,Plumb,57,Christian,2017
Still,Hillary Scott & The Scott Family,58,Christian,2017
The Cross Has The Final Word,newsboys Featuring With Peter Furler,59,Christian,2017
In Awe,Hollyn,60,Christian,2017
Let You Down,NF,61,Christian,2017
Do It Again,Elevation Worship,62,Christian,2017
One Step Away,Casting Crowns,63,Christian,2017
Keep Your Eyes On Me,Tim McGraw & Faith Hill,64,Christian,2017
Can't Live Without,Hollyn,65,Christian,2017
Glorious Day,Passion Featuring Kristian Stanfill,66,Christian,2017
Rescuer (Good News),Rend Collective,67,Christian,2017
Bleed The Same,Mandisa Featuring tobyMac,68,Christian,2017
Mended,Matthew West,69,Christian,2017
There Is A Cloud,Elevation Worship,70,Christian,2017
Eye Of The Storm,Ryan Stevenson Featuring GabeReal,71,Christian,2017
All My Hope,Crowder Featuring Tauren Wells,72,Christian,2017
Control (Somehow You Want Me),Tenth Avenue North,73,Christian,2017
Be The Change.,Britt Nicole,74,Christian,2017
Green Lights,NF,75,Christian,2017
Revival,Third Day,76,Christian,2017
Tell Me,Carrollton,77,Christian,2017
Jesus I Believe,Big Daddy Weave,78,Christian,2017
Spirit Of The Living God,Meredith Andrews,79,Christian,2017
Warm Up,NF,80,Christian,2017
Battles,The Afters,81,Christian,2017
Me And Jesus,Sundance Head,82,Christian,2017
Stars,Skillet,83,Christian,2017
Through Your Eyes,Britt Nicole,84,Christian,2017
Outro,NF,85,Christian,2017
King Of My Heart,"Bethel Music, Steffany Gretzinger & Jeremy Riddle",86,Christian,2017
My Victory,Crowder,87,Christian,2017
Find You Here,Ellie Holcomb,88,Christian,2017
Jesus I Need You,Hillsong Worship,89,Christian,2017
Fullness,Elevation Worship,90,Christian,2017
Falling Into You,Hillsong Young & Free,91,Christian,2017
Love Won't Let Me Down,Hillsong Young & Free,92,Christian,2017
Love Is On Our Side,Capital Kings,93,Christian,2017
Grindin',NF Featuring Marty,94,Christian,2017
Broke,Lecrae,95,Christian,2017
My All In All,Phil Wickham,96,Christian,2017
Open Hands,Laura Story Featuring Mac Powell,97,Christian,2017
Watchu Mean,Lecrae Featuring Aha Gazelle,98,Christian,2017
Hallelujah,Lindsey Stirling,99,Christian,2017
Tremble,Mosaic MSC,100,Christian,2017
Reckless Love,Cory Asbury,1,Christian,2018
You Say,Lauren Daigle,2,Christian,2018
I Just Need U.,tobyMac,3,Christian,2018
Who You Say I Am,Hillsong Worship,4,Christian,2018
joy.,for KING & COUNTRY,5,Christian,2018
Grace Got You,MercyMe,6,Christian,2018
Fear Is A Liar,Zach Williams,7,Christian,2018
So Will I (100 Billion X),Hillsong UNITED,8,Christian,2018
I Can Only Imagine,MercyMe,9,Christian,2018
What A Beautiful Name,Hillsong Worship,10,Christian,2018
Do It Again,Elevation Worship,11,Christian,2018
All My Hope,Crowder Featuring Tauren Wells,12,Christian,2018
O'Lord,Lauren Daigle,13,Christian,2018
The Breakup Song,Francesca Battistelli,14,Christian,2018
Resurrection Power,Chris Tomlin,15,Christian,2018
Known,Tauren Wells,16,Christian,2018
Control (Somehow You Want Me),Tenth Avenue North,17,Christian,2018
Head Above Water,Avril Lavigne,18,Christian,2018
O Come To The Altar,Elevation Worship,19,Christian,2018
Counting Every Blessing,Rend Collective,20,Christian,2018
No Matter What,Ryan Stevenson Featuring Bart Millard,21,Christian,2018
God Of All My Days,Casting Crowns,22,Christian,2018
Everything,tobyMac,23,Christian,2018
The Way (New Horizon),Pat Barrett,24,Christian,2018
Old Church Choir,Zach Williams,25,Christian,2018
When We Pray,Tauren Wells,26,Christian,2018
Witness,Jordan Feliz,27,Christian,2018
Freedom Hymn,Austin French,28,Christian,2018
What A Friend,Matt Maher,29,Christian,2018
Different,Micah Tyler,30,Christian,2018
Living Hope,Phil Wickham,31,Christian,2018
Even Then,Micah Tyler,32,Christian,2018
All In,Matthew West,33,Christian,2018
Even If,MercyMe,34,Christian,2018
Confidence,Sanctus Real,35,Christian,2018
More Than Anything,Natalie Grant,36,Christian,2018
Heaven On Earth,Stars Go Dim,37,Christian,2018
Walking On Water,NEEDTOBREATHE,38,Christian,2018
Bleed The Same,Mandisa Featuring tobyMac,39,Christian,2018
Come To The Table,Sidewalk Prophets,40,Christian,2018
So Will I (100 Billion X),Hillsong Worship,41,Christian,2018
Only Jesus,Casting Crowns,42,Christian,2018
Jesus I Believe,Big Daddy Weave,43,Christian,2018
Broken Things,Matthew West,44,Christian,2018
Broken Prayers,Riley Clemmons,45,Christian,2018
Dream Small,Josh Wilson,46,Christian,2018
Still Rolling Stones,Lauren Daigle,47,Christian,2018
Death Was Arrested,North Point InsideOut Featuring Seth Condrey,48,Christian,2018
Gracefully Broken,Matt Redman Featuring Tasha Cobbs Leonard,49,Christian,2018
Look Up Child,Lauren Daigle,50,Christian,2018
Just Give Me Jesus,Unspoken,51,Christian,2018
Beautiful Day,Mike Smith & Jonathan Hay,52,Christian,2018
Wherever I Go,Dan Bremnes,53,Christian,2018
He Still Does (Miracles),Hawk Nelson,54,Christian,2018
Miracle,Unspoken,55,Christian,2018
Good News,Mandisa,56,Christian,2018
Rescue,Lauren Daigle,57,Christian,2018
Rescuer (Good News),Rend Collective,58,Christian,2018
Point To You,We Are Messengers,59,Christian,2018
Stand In Your Love,Josh Baldwin,60,Christian,2018
Masterpiece,Danny Gokey,61,Christian,2018
Warrior,Hannah Kerr,62,Christian,2018
My Feet Are On The Rock,I AM THEY,63,Christian,2018
I Can Only Imagine (The Movie Session),MercyMe,64,Christian,2018
New Wine,Hillsong Worship,65,Christian,2018
No One Like Our God,Lincoln Brewster,66,Christian,2018
Tremble,Mosaic MSC,67,Christian,2018
I'll Find You,Lecrae Featuring Tori Kelly,68,Christian,2018
Never Alone,Tori Kelly Featuring Kirk Franklin,69,Christian,2018
If You Ain't In It,Danny Gokey,70,Christian,2018
Till I Found You,Phil Wickham,71,Christian,2018
Word Of Life,Jeremy Camp,72,Christian,2018
Beautifully Broken,Plumb,73,Christian,2018
Gotta Live,Tedashii Featuring Jordan Feliz,74,Christian,2018
Forever On Your Side,NEEDTOBREATHE Featuring JOHNNYSWIM,75,Christian,2018
Nobody Loves Me Like You,Chris Tomlin,76,Christian,2018
The Answer,Jeremy Camp,77,Christian,2018
God Only Knows,for KING & COUNTRY,78,Christian,2018
Your Love Defends Me,Matt Maher,79,Christian,2018
Shelter,Carrollton,80,Christian,2018
Let Go,Hillsong Young & Free,81,Christian,2018
Face To Face,Mat Kearney,82,Christian,2018
Touch Of Heaven,Hillsong Worship,83,Christian,2018
God Help Me,Plumb,84,Christian,2018
Right On Time,Aaron Cole Featuring tobyMac,85,Christian,2018
Amazing Grace,Brooke Simpson,86,Christian,2018
War Cry,Social Club Misfits Featuring Tauren Wells,87,Christian,2018
Survivor,Zach Williams,88,Christian,2018
Love Like This,Lauren Daigle,89,Christian,2018
Reckless Love,Passion Featuring Melodie Malone,90,Christian,2018
This Girl,Lauren Daigle,91,Christian,2018
Here Again,Elevation Worship,92,Christian,2018
O Holy Night,Brooke Simpson,93,Christian,2018
Surrounded (Fight My Battles),Michael W. Smith,94,Christian,2018
Little Drummer Boy (Live From Phoenix),for KING & COUNTRY,95,Christian,2018
Fight For Me,GAWVI Featuring Lecrae,96,Christian,2018
Won't Stop Now,Elevation Worship,97,Christian,2018
Hard Love,NEEDTOBREATHE,98,Christian,2018
Broke,Lecrae,99,Christian,2018
Happy Dance,MercyMe,100,Christian,2018
You Say,Lauren Daigle,1,Christian,2019
God Only Knows,for KING & COUNTRY,2,Christian,2019
Raise A Hallelujah,"Bethel Music, Jonathan David Helser & Melissa Helser",3,Christian,2019
Rescue,Lauren Daigle,4,Christian,2019
Haven't Seen It Yet,Danny Gokey,5,Christian,2019
Who You Say I Am,Hillsong Worship,6,Christian,2019
Only Jesus,Casting Crowns,7,Christian,2019
Resurrecting,Elevation Worship,8,Christian,2019
Nobody,Casting Crowns Featuring Matthew West,9,Christian,2019
Scars,I AM THEY,10,Christian,2019
Look Up Child,Lauren Daigle,11,Christian,2019
God's Not Done With You,Tauren Wells,12,Christian,2019
Symphony,Switch Featuring Dillon Chase,13,Christian,2019
Maybe It's Ok,We Are Messengers,14,Christian,2019
Yes I Will,Vertical Worship,15,Christian,2019
Best News Ever,MercyMe,16,Christian,2019
Known,Tauren Wells,17,Christian,2019
Build My Life,Pat Barrett,18,Christian,2019
Stand In Your Love,Josh Baldwin,19,Christian,2019
Dead Man Walking,Jeremy Camp,20,Christian,2019
Follow God,Kanye West,21,Christian,2019
Reckless Love,Cory Asbury,22,Christian,2019
Head Above Water,Avril Lavigne,23,Christian,2019
Reason,Unspoken,24,Christian,2019
Alive,Big Daddy Weave,25,Christian,2019
Let It Rain (Is There Anybody),Crowder Featuring Mandisa,26,Christian,2019
Red Letters,Crowder,27,Christian,2019
Church (Take Me Back),Cochren & Co.,28,Christian,2019
Till I Found You,Phil Wickham,29,Christian,2019
Rescue Story,Zach Williams,30,Christian,2019
The Christmas Song,Lauren Daigle,31,Christian,2019
Everything,tobyMac,32,Christian,2019
Even Then,Micah Tyler,33,Christian,2019
Greatness Of Our God,newsboys,34,Christian,2019
Fear No More,Building 429,35,Christian,2019
Closed On Sunday,Kanye West,36,Christian,2019
Is He Worthy?,Chris Tomlin,37,Christian,2019
joy.,for KING & COUNTRY,38,Christian,2019
With Lifted Hands,Ryan Stevenson,39,Christian,2019
Fighting For Me,Riley Clemmons,40,Christian,2019
Selah,Kanye West,41,Christian,2019
Survivor,Zach Williams,42,Christian,2019
On God,Kanye West,43,Christian,2019
Prize Worth Fighting For,Jamie Kimmett,44,Christian,2019
Burn The Ships,for KING & COUNTRY,45,Christian,2019
Everything We Need,Kanye West Featuring Ty Dolla $ign & Ant Clemons,46,Christian,2019
I'm Gonna Let It Go,Jason Gray,47,Christian,2019
Whole Heart (Hold Me Now),Hillsong UNITED,48,Christian,2019
Use This Gospel,Kanye West Featuring Clipse & Kenny G,49,Christian,2019
Changed,Jordan Feliz,50,Christian,2019
Legendary,Skillet,51,Christian,2019
God Is,Kanye West,52,Christian,2019
Well Done,The Afters,53,Christian,2019
Another In The Fire,Hillsong UNITED & TAYA,54,Christian,2019
Good Grace,Hillsong UNITED,55,Christian,2019
Confidence,Sanctus Real,56,Christian,2019
Defender,Francesca Battistelli Featuring Steffany Gretzinger,57,Christian,2019
Up Again,Dan Bremnes,58,Christian,2019
Water,Kanye West Featuring Ant Clemons,59,Christian,2019
Power,We Are Messengers,60,Christian,2019
Nobody Loves Me Like You,Chris Tomlin,61,Christian,2019
Hands On,Kanye West Featuring Fred Hammond,62,Christian,2019
King Of Kings,Hillsong Worship,63,Christian,2019
Believer,Rhett Walker,64,Christian,2019
Born Again,Austin French,65,Christian,2019
Never Alone,Tori Kelly Featuring Kirk Franklin,66,Christian,2019
See A Victory,Elevation Worship,67,Christian,2019
Jesus Is Lord,Kanye West,68,Christian,2019
Nothing Else,Cody Carnes,69,Christian,2019
Split The Sea,Hannah Kerr,70,Christian,2019
Living Hope,Phil Wickham,71,Christian,2019
The God Who Stays,Matthew West,72,Christian,2019
As You Find Me,Hillsong UNITED,73,Christian,2019
Unstoppable God,Sanctus Real,74,Christian,2019
Greater Things,Mack Brock,75,Christian,2019
Greater Than All My Regrets,Tenth Avenue North,76,Christian,2019
Anchor,Skillet,77,Christian,2019
You Know Me Better,Stars Go Dim,78,Christian,2019
Still Rolling Stones,Lauren Daigle,79,Christian,2019
Ain't No Grave (Live),Bethel Music & Molly Skaggs,80,Christian,2019
Wherever I Go,Dan Bremnes,81,Christian,2019
Highlands (Song Of Ascent),Hillsong UNITED,82,Christian,2019
Surrounded (Fight My Battles),UPPERROOM,83,Christian,2019
Your Name Is Power,Rend Collective,84,Christian,2019
Goodness Of God (Live),Bethel Music & Jenn Johnson,85,Christian,2019
Why God,Austin French,86,Christian,2019
Mercy Is A Song,Matthew West,87,Christian,2019
Faith,Jordan Feliz,88,Christian,2019
The Breakup Song,Francesca Battistelli,89,Christian,2019
Native Tongue,Switchfoot,90,Christian,2019
Holy Water,We The Kingdom,91,Christian,2019
Let The Redeemed,Josh Baldwin,92,Christian,2019
Better,Pat Barrett,93,Christian,2019
With You (Paradoxology),Elevation Worship,94,Christian,2019
Gold,Apollo LTD,95,Christian,2019
Love Lifting Me,Tasha Layton,96,Christian,2019
Love Like This,Lauren Daigle,97,Christian,2019
My Defender,Jeremy Camp,98,Christian,2019
Run To The Father,Cody Carnes,99,Christian,2019
Forever On Your Side,NEEDTOBREATHE Featuring JOHNNYSWIM,100,Christian,2019
You Say,Lauren Daigle,1,Christian,2020
Holy Water,We The Kingdom,2,Christian,2020
The Blessing: Live,"Kari Jobe, Cody Carnes & Elevation Worship",3,Christian,2020
Follow God,Kanye West,4,Christian,2020
There Was Jesus,Zach Williams & Dolly Parton,5,Christian,2020
The Father's House,Cory Asbury,6,Christian,2020
Together,"for KING & COUNTRY, Kirk Franklin & Tori Kelly",7,Christian,2020
Nobody,Casting Crowns Featuring Matthew West,8,Christian,2020
Almost Home,MercyMe,9,Christian,2020
See A Victory,Elevation Worship,10,Christian,2020
Keep Me In The Moment,Jeremy Camp,11,Christian,2020
Waymaker,Michael W. Smith Featuring Vanessa Campagna & Madelyn Berry,12,Christian,2020
Rescue,Lauren Daigle,13,Christian,2020
The God Who Stays,Matthew West,14,Christian,2020
Burn The Ships,for KING & COUNTRY,15,Christian,2020
I Know,Big Daddy Weave,16,Christian,2020
Alive & Breathing,Matt Maher Featuring Elle Limebear,17,Christian,2020
Graves Into Gardens,Elevation Worship Featuring Brandon Lake,18,Christian,2020
Love God Love People,Danny Gokey,19,Christian,2020
Rescue Story,Zach Williams,20,Christian,2020
Famous For (I Believe),Tauren Wells Featuring Jenn Johnson,21,Christian,2020
Who You Are To Me,Chris Tomlin Featuring Lady A,22,Christian,2020
Way Maker (Live),Leeland,23,Christian,2020
God So Loved,We The Kingdom,24,Christian,2020
Amen,Micah Tyler,25,Christian,2020
Still Rolling Stones,Lauren Daigle,26,Christian,2020
One Day,Cochren & Co.,27,Christian,2020
Amadeo (Still My God),Ryan Stevenson,28,Christian,2020
Love Moved First,Casting Crowns,29,Christian,2020
Into The Sea (It's Gonna Be OK),Tasha Layton,30,Christian,2020
Great Things,Phil Wickham,31,Christian,2020
Revolutionary,Josh Wilson,32,Christian,2020
Wash Us In The Blood,Kanye West Featuring Travis Scott,33,Christian,2020
Another In The Fire,Hillsong UNITED & TAYA,34,Christian,2020
Who Am I,NEEDTOBREATHE,35,Christian,2020
Closed On Sunday,Kanye West,36,Christian,2020
Love (Won't Let Go),We Are Messengers,37,Christian,2020
Rise Up (Lazarus),CAIN,38,Christian,2020
Believer,Rhett Walker,39,Christian,2020
Miracles,Colton Dixon,40,Christian,2020
King Of Kings,Hillsong Worship,41,Christian,2020
Peace Be Still,Hope Darst,42,Christian,2020
Faith,Jordan Feliz,43,Christian,2020
You've Always Been,Unspoken,44,Christian,2020
Your Name Is Power,Rend Collective,45,Christian,2020
I'm Leaning On You,Crowder Featuring Riley Clemmons,46,Christian,2020
Edge Of My Seat,tobyMac Featuring Cochren & Co.,47,Christian,2020
Dead Man Walking,Jeremy Camp,48,Christian,2020
Selah,Kanye West,49,Christian,2020
Like You Love Me,Tauren Wells,50,Christian,2020
Use This Gospel,Kanye West Featuring Clipse & Kenny G,51,Christian,2020
On God,Kanye West,52,Christian,2020
No Impossible With You,I AM THEY,53,Christian,2020
Everything We Need,Kanye West Featuring Ty Dolla $ign & Ant Clemons,54,Christian,2020
God Is,Kanye West,55,Christian,2020
See The Light,tobyMac,56,Christian,2020
You Keep Hope Alive,Mandisa & Jon Reddick,57,Christian,2020
Evidence,Josh Baldwin,58,Christian,2020
Goodness Of God (Live),Bethel Music & Jenn Johnson,59,Christian,2020
21 Years,tobyMac,60,Christian,2020
Truth Be Told,Matthew West,61,Christian,2020
Thank You Lord,Chris Tomlin Featuring Thomas Rhett & Florida Georgia Line,62,Christian,2020
Smile,Sidewalk Prophets,63,Christian,2020
Rattle!,Elevation Worship,64,Christian,2020
I Will Fear No More,The Afters,65,Christian,2020
My Weapon,Natalie Grant,66,Christian,2020
Run To The Father,Cody Carnes,67,Christian,2020
Truth I'm Standing On,Leanna Crawford,68,Christian,2020
Water,Kanye West Featuring Ant Clemons,69,Christian,2020
Glorify,Jordan Feliz,70,Christian,2020
No Hold On Me,Matty Mullins,71,Christian,2020
Hands On,Kanye West Featuring Fred Hammond,72,Christian,2020
Man Of Your Word,Maverick City Music Featuring Chandler Moore & KJ Scriven,73,Christian,2020
Better,Pat Barrett,74,Christian,2020
Over And Over,Riley Clemmons,75,Christian,2020
Start Right Here,Casting Crowns,76,Christian,2020
Power,We Are Messengers,77,Christian,2020
You Got This,Love & The Outcome,78,Christian,2020
Set Me Free,Lecrae Featuring YK Osiris,79,Christian,2020
Let The Redeemed,Josh Baldwin,80,Christian,2020
Jesus Is Lord,Kanye West,81,Christian,2020
Legendary,Skillet,82,Christian,2020
Count Me In,Switch,83,Christian,2020
Way Maker,Mandisa,84,Christian,2020
Fighting For Me,Riley Clemmons,85,Christian,2020
Little Drummer Boy (Live From Phoenix),for KING & COUNTRY,86,Christian,2020
Wake Up Sleeper,Austin French,87,Christian,2020
Deep End,Lecrae,88,Christian,2020
This Is What We Live For,Big Daddy Weave,89,Christian,2020
Best Friends,Hillsong Young & Free,90,Christian,2020
Jericho,Andrew Ripp,91,Christian,2020
This Could Change Everything,Francesca Battistelli,92,Christian,2020
Never Lost,Elevation Worship Featuring Tauren Wells,93,Christian,2020
Faithful God,I AM THEY,94,Christian,2020
Wanted,Danny Gokey,95,Christian,2020
Sparrows,Cory Asbury,96,Christian,2020
There's Nothing Our God Can't,Passion,97,Christian,2020
Blessing I Can't See,Building 429 Featuring Brooke DeLeary,98,Christian,2020
I'm Listening,Chris McClarney Featuring Hollyn,99,Christian,2020
Ordinary,Hannah Kerr,100,Christian,2020
You Say,Lauren Daigle,1,Christian,2021
Hurricane,Kanye West,2,Christian,2021
Good God Almighty,Crowder,3,Christian,2021
Battle Belongs,Phil Wickham,4,Christian,2021
Hold On To Me,Lauren Daigle,5,Christian,2021
My Jesus,Anne Wilson,6,Christian,2021
Graves Into Gardens,Elevation Worship Featuring Brandon Lake,7,Christian,2021
Less Like Me,Zach Williams,8,Christian,2021
Help Is On The Way (Maybe Midnight),tobyMac,9,Christian,2021
Moon,Kanye West,10,Christian,2021
Off The Grid,Kanye West,11,Christian,2021
Truth Be Told,Matthew West,12,Christian,2021
Say I Won't,MercyMe,13,Christian,2021
Praise God,Kanye West,14,Christian,2021
Scars In Heaven,Casting Crowns,15,Christian,2021
Rattle!,Elevation Worship,16,Christian,2021
Be Alright,Evan Craft x Danny Gokey x Redimi2,17,Christian,2021
Jail,Kanye West,18,Christian,2021
Amen,for KING & COUNTRY,19,Christian,2021
House Of The Lord,Phil Wickham,20,Christian,2021
Believe For It,CeCe Winans,21,Christian,2021
Child Of Love,We The Kingdom Featuring Bear Rinehart,22,Christian,2021
Jireh,Elevation Worship & Maverick City Music Featuring Chandler Moore & Naomi Raine,23,Christian,2021
Fires,Jordan St. Cyr,24,Christian,2021
Ok Ok,Kanye West,25,Christian,2021
Hallelujah,Carrie Underwood & John Legend,26,Christian,2021
Favorite Time Of Year,Carrie Underwood,27,Christian,2021
Rise Up (Lazarus),CAIN,28,Christian,2021
Gospel Song,Rhett Walker,29,Christian,2021
Junya,Kanye West,30,Christian,2021
Sparrows,Cory Asbury,31,Christian,2021
Yes He Can,CAIN,32,Christian,2021
Until Grace,Tauren Wells & Rascal Flatts,33,Christian,2021
Jericho,Andrew Ripp,34,Christian,2021
Promises,Maverick City Music Featuring Joe L. Barnes & Naomi Raine,35,Christian,2021
Out Of My Hands,Jeremy Camp,36,Christian,2021
What If,Matthew West,37,Christian,2021
Believe What I Say,Kanye West,38,Christian,2021
Look What You've Done,Tasha Layton,39,Christian,2021
Next To Me,Jordan Feliz,40,Christian,2021
Jonah,Kanye West,41,Christian,2021
Jesus Lord,Kanye West,42,Christian,2021
God Who Listens,Chris Tomlin Featuring Thomas Rhett,43,Christian,2021
Start Right Here,Casting Crowns,44,Christian,2021
Famous For (I Believe),Tauren Wells Featuring Jenn Johnson,45,Christian,2021
When You Speak,Jeremy Camp,46,Christian,2021
Pure Souls,Kanye West,47,Christian,2021
Remote Control,Kanye West,48,Christian,2021
Silent Night,Carrie Underwood,49,Christian,2021
All Things New,Big Daddy Weave,50,Christian,2021
Heaven And Hell,Kanye West,51,Christian,2021
24,Kanye West,52,Christian,2021
Evidence,Josh Baldwin,53,Christian,2021
New Day,Danny Gokey,54,Christian,2021
No Child Left Behind,Kanye West,55,Christian,2021
Who You Are To Me,Chris Tomlin Featuring Lady A,56,Christian,2021
Joyful,Dante Bowe,57,Christian,2021
Image Of God,We Are Messengers,58,Christian,2021
God Breathed,Kanye West,59,Christian,2021
When We Fall Apart,Ryan Stevenson,60,Christian,2021
Wait On You,Elevation Worship & Maverick City Music Featuring Dante Bowe & Chandler Moore,61,Christian,2021
Keep My Spirit Alive,Kanye West,62,Christian,2021
There Was Jesus,Zach Williams & Dolly Parton,63,Christian,2021
Jail Pt 2,Kanye West,64,Christian,2021
Relate,for KING & COUNTRY,65,Christian,2021
Another In The Fire,Hillsong UNITED & TAYA,66,Christian,2021
New Again,Kanye West,67,Christian,2021
Lord I Need You,Kanye West,68,Christian,2021
Come To Life,Kanye West,69,Christian,2021
Even At My Worst,Blanca,70,Christian,2021
Talking To Jesus,Elevation Worship & Maverick City Music Featuring Brandon Lake,71,Christian,2021
Donda,Kanye West,72,Christian,2021
Keep On Hoping,Riley Clemmons,73,Christian,2021
God So Loved,We The Kingdom,74,Christian,2021
Who Am I,NEEDTOBREATHE,75,Christian,2021
New Today,Micah Tyler,76,Christian,2021
Amazing Grace (My Chains Are Gone),Pentatonix,77,Christian,2021
Come What May,We Are Messengers,78,Christian,2021
Every Step Of The Way,Cade Thompson,79,Christian,2021
Stand In Faith,Danny Gokey,80,Christian,2021
Who Can,Cochren & Co.,81,Christian,2021
Know You Will,Hillsong UNITED,82,Christian,2021
Peace Be Still,Hope Darst,83,Christian,2021
The Blessing: Live,"Kari Jobe, Cody Carnes & Elevation Worship",84,Christian,2021
Tell The Vision,Kanye West,85,Christian,2021
Wake Up Sleeper,Austin French,86,Christian,2021
No Hopeless Soul,Stephen Stanley,87,Christian,2021
Look No Further,Evvie McKinney,88,Christian,2021
My God Is Still The Same,Sanctus Real,89,Christian,2021
In The House,Crowder,90,Christian,2021
Rejoice,Andrew Ripp,91,Christian,2021
Faithful God,I AM THEY,92,Christian,2021
I Wanna Remember,NEEDTOBREATHE Featuring Carrie Underwood,93,Christian,2021
Run To The Father,Matt Maher,94,Christian,2021
Little Drummer Boy,Carrie Underwood Featuring Isaiah Fisher,95,Christian,2021
Million Little Miracles,Elevation Worship & Maverick City Music Featuring Joe L Barnes,96,Christian,2021
Coming In Hot,Lecrae & Andy Mineo,97,Christian,2021
Magnetic,newsboys,98,Christian,2021
Old Church Basement,Elevation Worship & Maverick City Music Featuring Dante Bowe,99,Christian,2021
Survival,NEEDTOBREATHE Featuring Drew & Ellie Holcomb,100,Christian,2021
In Jesus Name (God Of Possible),Katy Nichole,1,Christian,2022
Praise God,Kanye West,2,Christian,2022
Promises,Maverick City Music Featuring Joe L. Barnes & Naomi Raine,3,Christian,2022
Hurricane,Kanye West,4,Christian,2022
For God Is With Us,for KING & COUNTRY,5,Christian,2022
Brighter Days,Blessing Offor,6,Christian,2022
Hymn Of Heaven,Phil Wickham,7,Christian,2022
Heart Of The Father,Ryan Ellis,8,Christian,2022
In The House,Crowder,9,Christian,2022
Weary Traveler,Jordan St. Cyr,10,Christian,2022
Relate,for KING & COUNTRY,11,Christian,2022
Come What May,We Are Messengers,12,Christian,2022
"God, Turn It Around",Jon Reddick,13,Christian,2022
Me On Your Mind,Matthew West,14,Christian,2022
Jesus Is Coming Back,"Jordan Feliz, Jonathan Traylor & Mandisa",15,Christian,2022
See Me Through It,Brandon Heath,16,Christian,2022
House Of The Lord,Phil Wickham,17,Christian,2022
Sunday Sermons,Anne Wilson,18,Christian,2022
My God Is Still The Same,Sanctus Real,19,Christian,2022
The Commission,CAIN,20,Christian,2022
The Goodness,tobyMac Featuring Blessing Offor,21,Christian,2022
My Jesus,Anne Wilson,22,Christian,2022
Fill My Cup,Andrew Ripp,23,Christian,2022
Getting Started,Jeremy Camp,24,Christian,2022
Off The Grid,Kanye West,25,Christian,2022
Honey In The Rock,Brooke Ligertwood & Brandon Lake,26,Christian,2022
Promised Land,tobyMac,27,Christian,2022
Same God,Elevation Worship Featuring Jonsal Barrientes,28,Christian,2022
Always,Chris Tomlin,29,Christian,2022
For The Good,Riley Clemmons,30,Christian,2022
Moon,Kanye West,31,Christian,2022
How Far,Tasha Layton,32,Christian,2022
God Is In This Story,Katy Nichole + Big Daddy Weave,33,Christian,2022
Stand In Faith,Danny Gokey,34,Christian,2022
Build A Boat,Colton Dixon,35,Christian,2022
Walking Free,Micah Tyler,36,Christian,2022
Who I Am,Ben Fuller,37,Christian,2022
Lion,Elevation Worship Featuring Chris Brown & Brandon Lake,38,Christian,2022
The Healing,Blanca & Dante Bowe,39,Christian,2022
Scars In Heaven,Casting Crowns,40,Christian,2022
I Will Carry You,Ellie Holcomb,41,Christian,2022
On Our Way,MercyMe Featuring Sam Wesley,42,Christian,2022
Look What You've Done,Tasha Layton,43,Christian,2022
Jireh,Maverick City Music Featuring Chandler Moore & Naomi Raine,44,Christian,2022
Heaven Help Me,Zach Williams,45,Christian,2022
Heart Of God,Zach Williams,46,Christian,2022
Egypt,Cory Asbury,47,Christian,2022
Believe What I Say,Kanye West,48,Christian,2022
Life Of The Party,Kanye West & Andre 3000,49,Christian,2022
Too Good To Not Believe,Brandon Lake X Bethel Music,50,Christian,2022
New Creation,Mac Powell,51,Christian,2022
Kingdom,Maverick City Music X Kirk Franklin Featuring Naomi Raine & Chandler Moore,52,Christian,2022
Thank God For Sunday Morning,Cochren & Co.,53,Christian,2022
We All Need Jesus,Danny Gokey With Koryn Hawthorne,54,Christian,2022
Good Lord,David Leonard,55,Christian,2022
Use This Gospel (Remix),DJ Khaled Featuring Kanye West & Eminem,56,Christian,2022
Hold You Tight,Dan Bremnes,57,Christian,2022
Miracle Power,We The Kingdom,58,Christian,2022
Desesperado,Evan Craft,59,Christian,2022
When You Speak,Jeremy Camp,60,Christian,2022
Bless Me,Maverick City Music X Kirk Franklin,61,Christian,2022
Then Christ Came,MercyMe,62,Christian,2022
Goodness Of God,CeCe Winans,63,Christian,2022
Fake It,Tauren Wells Featuring Aaron Cole,64,Christian,2022
What If,Matthew West,65,Christian,2022
Perfectly Loved,Rachael Lampa Featuring tobyMac,66,Christian,2022
Jail,Kanye West,67,Christian,2022
Gratitude,Brandon Lake,68,Christian,2022
Speak To The Mountains,Chris McClarney,69,Christian,2022
River Of Life,Mac Powell,70,Christian,2022
God Really Loves Us,Crowder & Dante Bowe Featuring Maverick City Music,71,Christian,2022
Don't Lose Heart,Steven Curtis Chapman,72,Christian,2022
I Am Yours,NEEDTOBREATHE,73,Christian,2022
Know You Will,Hillsong UNITED,74,Christian,2022
Dancing On The Waves,We The Kingdom,75,Christian,2022
Love Is Everything We Need,Unspoken,76,Christian,2022
Remote Control,Kanye West,77,Christian,2022
Say Goodbye (Say Hello),The Afters,78,Christian,2022
Good Feeling,Austin French,79,Christian,2022
God You Are,We Are Messengers Featuring Josh Baldwin,80,Christian,2022
Thank You Lord,Chris Tomlin Featuring Thomas Rhett & Florida Georgia Line,81,Christian,2022
Fear Is Not My Future,Maverick City Music X Kirk Franklin Featuring Brandon Lake & Chandler Moore,82,Christian,2022
Love Me Like I Am,for KING & COUNTRY With Jordin Sparks,83,Christian,2022
That's The Power,Hillsong Worship Featuring Benjamin Hastings,84,Christian,2022
For All My Life,TAYA,85,Christian,2022
I've Got Joy,CeCe Winans,86,Christian,2022
When I Pray,DOE,87,Christian,2022
Firm Foundation (He Won't),Maverick City Music Featuring Chandler Moore & Cody Carnes,88,Christian,2022
Talk 2 Me,Montell Fish,89,Christian,2022
Junya,Kanye West,90,Christian,2022
What I See,Elevation Worship Featuring Chris Brown,91,Christian,2022
Joy In The Morning,Tauren Wells,92,Christian,2022
Good Morning Mercy,Jason Crabb,93,Christian,2022
Pure Souls,Kanye West,94,Christian,2022
Things That I'm Afraid Of,Josh Wilson,95,Christian,2022
24,Kanye West,96,Christian,2022
Destroy Myself Just For You,Montell Fish,97,Christian,2022
God Is Good,Francesca Battistelli,98,Christian,2022
All Joy No Stress,Rhett Walker,99,Christian,2022
Jesus Lord,Kanye West,100,Christian,2022
