title,artist,rank,genre
Cruise,Florida Georgia Line,1,country
Wagon Wheel,Darius Rucker,2,country
Boys 'round Here,Blake Shelton Featuring Pistol Annies & Friends,3,country
Crash My Party,Luke Bryan,4,country
I Want Crazy,Hunter Hayes,5,country
Highway Don't Care,Tim McGraw With Taylor Swift,6,country
Get Your Shine On,Florida Georgia Line,7,country
Mama's Broken Heart,Miranda Lambert,8,country
Sure Be Cool If You Did,Blake Shelton,9,country
Runnin' Outta Moonlight,Randy Houser,10,country
That's My Kind Of Night,Luke Bryan,11,country
Better Dig Two,The Band Perry,12,country
It Goes Like This,Thomas Rhett,13,country
We Are Never Ever Getting Back Together,Taylor Swift,14,country
Redneck Crazy,Tyler Farr,15,country
Round Here,Florida Georgia Line,16,country
Wanted,Hunter Hayes,17,country
Downtown,Lady Antebellum,18,country
Hey Girl,Billy Currington,19,country
Don't Ya,Brett Eldredge,20,country
DONE.,The Band Perry,21,country
Night Train,Jason Aldean,22,country
Hey Pretty Girl,Kip Moore,23,country
Every Storm (Runs Out Of Rain),Gary Allan,24,country
All Over The Road,Easton Corbin,25,country
See You Again,Carrie Underwood,26,country
Give It All We Got Tonight,George Strait,27,country
Somebody's Heartbreak,Hunter Hayes,28,country
Two Black Cadillacs,Carrie Underwood,29,country
Anywhere With You,Jake Owen,30,country
Little Bit Of Everything,Keith Urban,31,country
Aw Naw,Chris Young,32,country
If I Didn't Have You,Thompson Square,33,country
Pirate Flag,Kenny Chesney,34,country
Mine Would Be You,Blake Shelton,35,country
Beat This Summer,Brad Paisley,36,country
One Of Those Nights,Tim McGraw,37,country
I Drive Your Truck,Lee Brice,38,country
Point At You,Justin Moore,39,country
Parking Lot Party,Lee Brice,40,country
Southern Girl,Tim McGraw,41,country
Tornado,Little Big Town,42,country
The Only Way I Know,Jason Aldean With Luke Bryan & Eric Church,43,country
Red,Taylor Swift,44,country
Blown Away,Carrie Underwood,45,country
How Country Feels,Randy Houser,46,country
Like Jesus Does,Eric Church,47,country
More Than Miles,Brantley Gilbert,48,country
Wasting All These Tears,Cassadee Pope,49,country
Jump Right In,Zac Brown Band,50,country
Sunny And 75,Joe Nichols,51,country
Merry Go 'round,Kacey Musgraves,52,country
1994,Jason Aldean,53,country
Carolina,Parmalee,54,country
Drunk Last Night,Eli Young Band,55,country
Goodbye In Her Eyes,Zac Brown Band,56,country
Begin Again,Taylor Swift,57,country
Southern Comfort Zone,Brad Paisley,58,country
I Can Take It From There,Chris Young,59,country
Kiss Tomorrow Goodbye,Luke Bryan,60,country
Tip It On Back,Dierks Bentley,61,country
We Were Us,Keith Urban And Miranda Lambert,62,country
Beer Money,Kip Moore,63,country
Goodbye Town,Lady Antebellum,64,country
Til My Last Day,Justin Moore,65,country
Whatever She's Got,David Nail,66,country
Easy,Sheryl Crow,67,country
Hard To Love,Lee Brice,68,country
Outta My Head,Craig Campbell,69,country
Chillin' It,Cole Swindell,70,country
Drinks After Work,Toby Keith,71,country
Bruises,Train Featuring Ashley Monroe,72,country
All Kinds Of Kinds,Miranda Lambert,73,country
Can't Shake You,Gloriana,74,country
Changed,Rascal Flatts,75,country
When I See This Bar,Kenny Chesney,76,country
Friday Night,Eric Paslay,77,country
Could It Be,Charlie Worsham,78,country
Creepin',Eric Church,79,country
See You Tonight,Scotty McCreery,80,country
Days Of Gold,Jake Owen,81,country
Pieces,Gary Allan,82,country
The One That Got Away,Jake Owen,83,country
She Cranks My Tractor,Dustin Lynch,84,country
Stay,Florida Georgia Line,85,country
El Cerrito Place,Kenny Chesney,86,country
American Beautiful,The Henningsens,87,country
Don't Let Me Be Lonely,The Band Perry,88,country
Whiskey,Jana Kramer,89,country
Your Side Of The Bed,Little Big Town,90,country
Blowin' Smoke,Kacey Musgraves,91,country
Sweet Annie,Zac Brown Band,92,country
Up All Night,Jon Pardi,93,country
Radio,Darius Rucker,94,country
Don't Rush,Kelly Clarkson Featuring Vince Gill,95,country
Let There Be Cowgirls,Chris Cagle,96,country
Did It For The Girl,Greg Bates,97,country
Beer With Jesus,Thomas Rhett,98,country
Hope On The Rocks,Toby Keith,99,country
The Outsiders,Eric Church,100,country
This Is How We Roll,Florida Georgia Line Featuring Luke Bryan,1,country
Burnin' It Down,Jason Aldean,2,country
Dirt,Florida Georgia Line,3,country
Bottoms Up,Brantley Gilbert,4,country
Play It Again,Luke Bryan,5,country
American Kids,Kenny Chesney,6,country
Bartender,Lady Antebellum,7,country
Drunk On A Plane,Dierks Bentley,8,country
Leave The Night On,Sam Hunt,9,country
Somethin' Bad,Miranda Lambert Duet With Carrie Underwood,10,country
Drink A Beer,Luke Bryan,11,country
I Don't Dance,Lee Brice,12,country
Beachin',Jake Owen,13,country
"Where It's At (Yep, Yep)",Dustin Lynch,14,country
Give Me Back My Hometown,Eric Church,15,country
Get Me Some Of That,Thomas Rhett,16,country
Drink To That All Night,Jerrod Niemann,17,country
Ready Set Roll,Chase Rice,18,country
Roller Coaster,Luke Bryan,19,country
Meanwhile Back At Mama's,Tim McGraw Featuring Faith Hill,20,country
Hope You Get Lonely Tonight,Cole Swindell,21,country
Rewind,Rascal Flatts,22,country
Beat Of The Music,Brett Eldredge,23,country
Sunshine & Whiskey,Frankie Ballard,24,country
Stay,Florida Georgia Line,25,country
Yeah,Joe Nichols,26,country
Cop Car,Keith Urban,27,country
When She Says Baby,Jason Aldean,28,country
Automatic,Miranda Lambert,29,country
Whiskey In My Water,Tyler Farr,30,country
Lettin' The Night Roll,Justin Moore,31,country
River Bank,Brad Paisley,32,country
Doin' What She Likes,Blake Shelton,33,country
Day Drinking,Little Big Town,34,country
Chillin' It,Cole Swindell,35,country
Small Town Throwdown,Brantley Gilbert Featuring Justin Moore & Thomas Rhett,36,country
We Are Tonight,Billy Currington,37,country
Whatever She's Got,David Nail,38,country
My Eyes,Blake Shelton Featuring Gwen Sebastian,39,country
Who I Am With You,Chris Young,40,country
Compass,Lady Antebellum,41,country
19 You + Me,Dan + Shay,42,country
Neon Light,Blake Shelton,43,country
Girl In A Country Song,Maddie & Tae,44,country
I Hold On,Dierks Bentley,45,country
Somewhere In My Car,Keith Urban,46,country
Look At You,Big & Rich,47,country
Goodnight Kiss,Randy Houser,48,country
Helluva Life,Frankie Ballard,49,country
Dust,Eli Young Band,50,country
Invisible,Hunter Hayes,51,country
Keep Them Kisses Comin',Craig Campbell,52,country
Close Your Eyes,Parmalee,53,country
Friday Night,Eric Paslay,54,country
That's My Kind Of Night,Luke Bryan,55,country
Sweet Annie,Zac Brown Band,56,country
Everything I Shouldn't Be Thinking About,Thompson Square,57,country
Something In The Water,Carrie Underwood,58,country
Wasting All These Tears,Cassadee Pope,59,country
Song About A Girl,Eric Paslay,60,country
Chainsaw,The Band Perry,61,country
Later On,The Swon Brothers,62,country
Feelin' It,Scotty McCreery,63,country
We Were Us,Keith Urban And Miranda Lambert,64,country
Drunk Last Night,Eli Young Band,65,country
See You Tonight,Scotty McCreery,66,country
Don't Let Me Be Lonely,The Band Perry,67,country
The Heart Of Dixie,Danielle Bradbery,68,country
Cold One,Eric Church,69,country
Carolina,Parmalee,70,country
I Got A Car,George Strait,71,country
Shotgun Rider,Tim McGraw,72,country
Wake Up Lovin' You,Craig Morgan,73,country
Radio,Darius Rucker,74,country
Slow Me Down,Sara Evans,75,country
Perfect Storm,Brad Paisley,76,country
Kiss You Tonight,David Nail,77,country
Up All Night,Jon Pardi,78,country
All Alright,Zac Brown Band,79,country
God Made Girls,RaeLynn,80,country
Show You Off,Dan + Shay,81,country
Lookin' For That Girl,Tim McGraw,82,country
Young Love,Kip Moore,83,country
Everybody's Got Somebody But Me,Hunter Hayes Featuring Jason Mraz,84,country
Payback,Rascal Flatts,85,country
The Outsiders,Eric Church,86,country
Like A Cowboy,Randy Houser,87,country
Drinking Class,Lee Brice,88,country
Mine Would Be You,Blake Shelton,89,country
Follow Your Arrow,Kacey Musgraves,90,country
Tattoo,Hunter Hayes,91,country
Mean To Me,Brett Eldredge,92,country
Sun Daze,Florida Georgia Line,93,country
Homegrown Honey,Darius Rucker,94,country
Talladega,Eric Church,95,country
Rum,Brothers Osborne,96,country
Take It On Back,Chase Bryant,97,country
Clockwork,Easton Corbin,98,country
The Mona Lisa,Brad Paisley,99,country
Make Me Wanna,Thomas Rhett,100,country
Take Your Time,Sam Hunt,1,country
Girl Crush,Little Big Town,2,country
House Party,Sam Hunt,3,country
Kick The Dust Up,Luke Bryan,4,country
Crash And Burn,Thomas Rhett,5,country
Sangria,Blake Shelton,6,country
Homegrown,Zac Brown Band,7,country
Buy Me A Boat,Chris Janson,8,country
"John Cougar, John Deere, John 3:16",Keith Urban,9,country
Like A Wrecking Ball,Eric Church,10,country
Break Up With Him,Old Dominion,11,country
Strip It Down,Luke Bryan,12,country
I'm Comin' Over,Chris Young,13,country
Lose My Mind,Brett Eldredge,14,country
Drinking Class,Lee Brice,15,country
Loving You Easy,Zac Brown Band,16,country
Love You Like That,Canaan Smith,17,country
I See You,Luke Bryan,18,country
Burning House,Cam,19,country
Smoke,A Thousand Horses,20,country
Sippin' On Fire,Florida Georgia Line,21,country
Little Toy Guns,Carrie Underwood,22,country
Let Me See Ya Girl,Cole Swindell,23,country
Tonight Looks Good On You,Jason Aldean,24,country
Lonely Tonight,Blake Shelton Featuring Ashley Monroe,25,country
Save It For A Rainy Day,Kenny Chesney,26,country
Love Me Like You Mean It,Kelsea Ballerini,27,country
Kiss You In The Morning,Michael Ray,28,country
One Hell Of An Amen,Brantley Gilbert,29,country
A Guy Walks Into A Bar,Tyler Farr,30,country
Nothin' Like You,Dan + Shay,31,country
Hell Of A Night,Dustin Lynch,32,country
Don't It,Billy Currington,33,country
Ain't Worth The Whiskey,Cole Swindell,34,country
Sun Daze,Florida Georgia Line,35,country
Something In The Water,Carrie Underwood,36,country
Say You Do,Dierks Bentley,37,country
Anything Goes,Florida Georgia Line,38,country
Lonely Eyes,Chris Young,39,country
Shotgun Rider,Tim McGraw,40,country
Talladega,Eric Church,41,country
Fly,Maddie & Tae,42,country
Just Gettin' Started,Jason Aldean,43,country
Young & Crazy,Frankie Ballard,44,country
Baby Be My Love Song,Easton Corbin,45,country
Diamond Rings And Old Barstools,Tim McGraw With Catherine Dunn,46,country
I Got The Boy,Jana Kramer,47,country
Gonna Wanna Tonight,Chase Rice,48,country
Crushin' It,Brad Paisley,49,country
Mean To Me,Brett Eldredge,50,country
Homegrown Honey,Darius Rucker,51,country
Make Me Wanna,Thomas Rhett,52,country
Smoke Break,Carrie Underwood,53,country
Stay A Little Longer,Brothers Osborne,54,country
Raise 'Em Up,Keith Urban Featuring Eric Church,55,country
Wild Child,Kenny Chesney With Grace Potter,56,country
Real Life,Jake Owen,57,country
She Don't Love You,Eric Paslay,58,country
Die A Happy Man,Thomas Rhett,59,country
Little Red Wagon,Miranda Lambert,60,country
Like A Cowboy,Randy Houser,61,country
Perfect Storm,Brad Paisley,62,country
Gonna,Blake Shelton,63,country
Break Up In A Small Town,Sam Hunt,64,country
I'm To Blame,Kip Moore,65,country
21,Hunter Hayes,66,country
Already Callin' You Mine,Parmalee,67,country
Games,Luke Bryan,68,country
Til It's Gone,Kenny Chesney,69,country
Top Of The World,Tim McGraw,70,country
What We Ain't Got,Jake Owen,71,country
I Love This Life,LOCASH,72,country
Take It On Back,Chase Bryant,73,country
Dibs,Kelsea Ballerini,74,country
God Made Girls,RaeLynn,75,country
Riot,Rascal Flatts,76,country
Girl In A Country Song,Maddie & Tae,77,country
Gonna Know We Were Here,Jason Aldean,78,country
Long Stretch Of Love,Lady Antebellum,79,country
Going Out Like That,Reba,80,country
Run Away With You,Big & Rich,81,country
Somewhere In My Car,Keith Urban,82,country
We Went,Randy Houser,83,country
Burnin' It Down,Jason Aldean,84,country
Leave The Night On,Sam Hunt,85,country
Close Your Eyes,Parmalee,86,country
Lay Low,Josh Turner,87,country
Neon Light,Blake Shelton,88,country
Tennessee Whiskey,Chris Stapleton,89,country
Biscuits,Kacey Musgraves,90,country
Riser,Dierks Bentley,91,country
That Don't Sound Like You,Lee Brice,92,country
Freestyle,Lady Antebellum,93,country
Trailer Hitch,Kristian Bush,94,country
Dirt,Florida Georgia Line,95,country
Hard To Be Cool,Joe Nichols,96,country
Trouble,Gloriana,97,country
Ride,Chase Rice,98,country
Country Nation,Brad Paisley,99,country
Kiss You Tonight,David Nail,100,country
H.O.L.Y.,Florida Georgia Line,1,country
Die A Happy Man,Thomas Rhett,2,country
Humble And Kind,Tim McGraw,3,country
Somewhere On A Beach,Dierks Bentley,4,country
Head Over Boots,Jon Pardi,5,country
You Should Be Here,Cole Swindell,6,country
Break Up In A Small Town,Sam Hunt,7,country
My Church,Maren Morris,8,country
Came Here To Forget,Blake Shelton,9,country
Peter Pan,Kelsea Ballerini,10,country
"Huntin', Fishin' And Lovin' Every Day",Luke Bryan,11,country
From The Ground Up,Dan + Shay,12,country
Lights Come On,Jason Aldean,13,country
Church Bells,Carrie Underwood,14,country
Different For Girls,Dierks Bentley Featuring Elle King,15,country
T-Shirt,Thomas Rhett,16,country
Record Year,Eric Church,17,country
Snapback,Old Dominion,18,country
Think Of You,Chris Young Duet With Cassadee Pope,19,country
Setting The World On Fire,Kenny Chesney Featuring P!nk,20,country
Home Alone Tonight,Luke Bryan Featuring Karen Fairchild,21,country
American Country Love Song,Jake Owen,22,country
Middle Of A Memory,Cole Swindell,23,country
Drunk On Your Love,Brett Eldredge,24,country
Wasted Time,Keith Urban,25,country
Make You Miss Me,Sam Hunt,26,country
Confession,Florida Georgia Line,27,country
Fix,Chris Lane,28,country
Heartbeat,Carrie Underwood,29,country
Vice,Miranda Lambert,30,country
It Don't Hurt Like It Used To,Billy Currington,31,country
Mind Reader,Dustin Lynch,32,country
I Like The Sound Of That,Rascal Flatts,33,country
Sleep Without You,Brett Young,34,country
You Look Like I Need A Drink,Justin Moore,35,country
Nobody To Blame,Chris Stapleton,36,country
Beautiful Drug,Zac Brown Band,37,country
Backroad Song,Granger Smith,38,country
Blue Ain't Your Color,Keith Urban,39,country
She's Got A Way With Words,Blake Shelton,40,country
May We All,Florida Georgia Line Featuring Tim McGraw,41,country
Rock On,Tucker Beathard,42,country
I Know Somebody,LOCASH,43,country
Move,Luke Bryan,44,country
I Met A Girl,William Michael Morgan,45,country
Noise,Kenny Chesney,46,country
Night's On Fire,David Nail,47,country
Break On Me.,Keith Urban,48,country
A Little More Summertime,Jason Aldean,49,country
That Don't Sound Like You,Lee Brice,50,country
Song For Another Time,Old Dominion,51,country
Stay A Little Longer,Brothers Osborne,52,country
Burning House,Cam,53,country
Little Bit Of You,Chase Bryant,54,country
Wanna Be That Song,Brett Eldredge,55,country
It All Started With A Beer,Frankie Ballard,56,country
We Went,Randy Houser,57,country
Dibs,Kelsea Ballerini,58,country
I'm Comin' Over,Chris Young,59,country
80s Mercedes,Maren Morris,60,country
Castaway,Zac Brown Band,61,country
Parachute,Chris Stapleton,62,country
Tennessee Whiskey,Chris Stapleton,63,country
Gonna Know We Were Here,Jason Aldean,64,country
Livin' The Dream,Drake White,65,country
21 Summer,Brothers Osborne,66,country
I Got The Boy,Jana Kramer,67,country
Running For You,Kip Moore,68,country
I Love This Life,LOCASH,69,country
Gonna,Blake Shelton,70,country
Lovin' Lately,Big & Rich Featuring Tim McGraw,71,country
Vacation,Thomas Rhett,72,country
Mr. Misunderstood,Eric Church,73,country
How I'll Always Be,Tim McGraw,74,country
Forever Country,"Artists Of Then, Now & Forever",75,country
Unlove You,Jennifer Nettles,76,country
Stone Cold Sober,Brantley Gilbert,77,country
Without A Fight,Brad Paisley Featuring Demi Lovato,78,country
Strip It Down,Luke Bryan,79,country
Country Nation,Brad Paisley,80,country
Top Of The World,Tim McGraw,81,country
Thy Will,Hillary Scott & The Scott Family,82,country
Smoke Break,Carrie Underwood,83,country
Dirty Laundry,Carrie Underwood,84,country
Better In Boots,Tyler Farr,85,country
Seein' Red,Dustin Lynch,86,country
Sober Saturday Night,Chris Young Featuring Vince Gill,87,country
Fire Away,Chris Stapleton,88,country
If The Boot Fits,Granger Smith,89,country
Real Men Love Jesus,Michael Ray,90,country
Shut Up And Fish,Maddie & Tae,91,country
Hole In A Bottle,Canaan Smith,92,country
Make You Mine,High Valley,93,country
Nothin' Like You,Dan + Shay,94,country
Used To Love You Sober,Kane Brown,95,country
The Weekend,Brantley Gilbert,96,country
Mayday,Cam,97,country
Road Less Traveled,Lauren Alaina,98,country
Star Of The Show,Thomas Rhett,99,country
Kill A Word,Eric Church Featuring Rhiannon Giddens,100,country
Body Like A Back Road,Sam Hunt,1,country
In Case You Didn't Know,Brett Young,2,country
Hurricane,Luke Combs,3,country
What Ifs,Kane Brown Featuring Lauren Alaina,4,country
Small Town Boy,Dustin Lynch,5,country
Dirt On My Boots,Jon Pardi,6,country
The Fighter,Keith Urban Featuring Carrie Underwood,7,country
Craving You,Thomas Rhett Featuring Maren Morris,8,country
You Look Good,Lady Antebellum,9,country
Better Man,Little Big Town,10,country
When It Rains It Pours,Luke Combs,11,country
My Girl,Dylan Scott,12,country
Blue Ain't Your Color,Keith Urban,13,country
"God, Your Mama, And Me",Florida Georgia Line Featuring Backstreet Boys,14,country
Drinkin' Problem,Midland,15,country
Heartache On The Dance Floor,Jon Pardi,16,country
No Such Thing As A Broken Heart,Old Dominion,17,country
Black,Dierks Bentley,18,country
Every Little Thing,Carly Pearce,19,country
Any Ol' Barstool,Jason Aldean,20,country
Flatliner,Cole Swindell,21,country
Unforgettable,Thomas Rhett,22,country
It Ain't My Fault,Brothers Osborne,23,country
Greatest Love Story,LANCO,24,country
I Could Use A Love Song,Maren Morris,25,country
How Not To,Dan + Shay,26,country
Every Time I Hear That Song,Blake Shelton,27,country
More Girls Like You,Kip Moore,28,country
A Guy With A Girl,Blake Shelton,29,country
For Her,Chris Lane,30,country
Somebody Else Will,Justin Moore,31,country
If I Told You,Darius Rucker,32,country
Yours If You Want It,Rascal Flatts,33,country
Yeah Boy,Kelsea Ballerini,34,country
Fast,Luke Bryan,35,country
Star Of The Show,Thomas Rhett,36,country
The Weekend,Brantley Gilbert,37,country
Hometown Girl,Josh Turner,38,country
All The Pretty Girls,Kenny Chesney,39,country
They Don't Know,Jason Aldean,40,country
Do I Make You Wanna,Billy Currington,41,country
Think A Little Less,Michael Ray,42,country
Tin Man,Miranda Lambert,43,country
My Old Man,Zac Brown Band,44,country
Fix A Drink,Chris Janson,45,country
Round Here Buzz,Eric Church,46,country
Road Less Traveled,Lauren Alaina,47,country
Kill A Word,Eric Church Featuring Rhiannon Giddens,48,country
Losing Sleep,Chris Young,49,country
Today,Brad Paisley,50,country
May We All,Florida Georgia Line Featuring Tim McGraw,51,country
Dirty Laundry,Carrie Underwood,52,country
Sober Saturday Night,Chris Young Featuring Vince Gill,53,country
Ask Me How I Know,Garth Brooks,54,country
Yours,Russell Dickerson,55,country
Light It Up,Luke Bryan,56,country
Ring On Every Finger,LOCASH,57,country
Broken Halos,Chris Stapleton,58,country
You Broke Up With Me,Walker Hayes,59,country
Seein' Red,Dustin Lynch,60,country
Somethin' I'm Good At,Brett Eldredge,61,country
Wanna Be That Song,Brett Eldredge,62,country
Speak To A Girl,Tim McGraw & Faith Hill,63,country
Bar At The End Of The World,Kenny Chesney,64,country
Like I Loved You,Brett Young,65,country
I'll Name The Dogs,Blake Shelton,66,country
A Girl Like You,Easton Corbin,67,country
Smooth,Florida Georgia Line,68,country
80s Mercedes,Maren Morris,69,country
Last Time For Everything,Brad Paisley,70,country
Five More Minutes,Scotty McCreery,71,country
All On Me,Devin Dawson,72,country
Song For Another Time,Old Dominion,73,country
There's A Girl,Trent Harmon,74,country
Setting The World On Fire,Kenny Chesney Featuring P!nk,75,country
Legends,Kelsea Ballerini,76,country
Make You Mine,High Valley,77,country
If The Boot Fits,Granger Smith,78,country
The Way I Talk,Morgan Wallen,79,country
We Should Be Friends,Miranda Lambert,80,country
Written In The Sand,Old Dominion,81,country
Boy,Lee Brice,82,country
How I'll Always Be,Tim McGraw,83,country
Outta Style,Aaron Watson,84,country
A Little More Summertime,Jason Aldean,85,country
Parachute,Chris Stapleton,86,country
Holdin' Her,Chris Janson,87,country
Makin' Me Look Good Again,Drake White,88,country
Either Way,Chris Stapleton,89,country
Love Triangle,RaeLynn,90,country
California,Big & Rich,91,country
Singles You Up,Jordan Davis,92,country
Outskirts Of Heaven,Craig Campbell,93,country
"Baby, Let's Lay Down And Dance",Garth Brooks,94,country
Sleep Without You,Brett Young,95,country
Middle Of A Memory,Cole Swindell,96,country
The Long Way,Brett Eldredge,97,country
Tennessee Whiskey,Chris Stapleton,98,country
Found You,Kane Brown,99,country
Good Company,Jake Owen,100,country
Meant To Be,Bebe Rexha & Florida Georgia Line,1,country
Heaven,Kane Brown,2,country
Tequila,Dan + Shay,3,country
You Make It Easy,Jason Aldean,4,country
Marry Me,Thomas Rhett,5,country
One Number Away,Luke Combs,6,country
Simple,Florida Georgia Line,7,country
Get Along,Kenny Chesney,8,country
Mercy,Brett Young,9,country
Up Down,Morgan Wallen Featuring Florida Georgia Line,10,country
Most People Are Good,Luke Bryan,11,country
Take Back Home Girl,Chris Lane Featuring Tori Kelly,12,country
Drowns The Whiskey,Jason Aldean Featuring Miranda Lambert,13,country
Break Up In The End,Cole Swindell,14,country
Broken Halos,Chris Stapleton,15,country
"Sunrise, Sunburn, Sunset",Luke Bryan,16,country
Hooked,Dylan Scott,17,country
Drunk Girl,Chris Janson,18,country
Singles You Up,Jordan Davis,19,country
Hotel Key,Old Dominion,20,country
Lose It,Kane Brown,21,country
Five More Minutes,Scotty McCreery,22,country
She Got The Best Of Me,Luke Combs,23,country
I Was Jack (You Were Diane),Jake Owen,24,country
Life Changes,Thomas Rhett,25,country
Beautiful Crazy,Luke Combs,26,country
I Lived It,Blake Shelton,27,country
"Woman, Amen",Dierks Bentley,28,country
All On Me,Devin Dawson,29,country
Blue Tacoma,Russell Dickerson,30,country
Yours,Russell Dickerson,31,country
Speechless,Dan + Shay,32,country
Hangin' On,Chris Young,33,country
The Long Way,Brett Eldredge,34,country
Babe,Sugarland Featuring Taylor Swift,35,country
Written In The Sand,Old Dominion,36,country
What Ifs,Kane Brown Featuring Lauren Alaina,37,country
Everything's Gonna Be Alright,David Lee Murphy & Kenny Chesney,38,country
Cry Pretty,Carrie Underwood,39,country
For The First Time,Darius Rucker,40,country
Greatest Love Story,LANCO,41,country
Kiss Somebody,Morgan Evans,42,country
Best Shot,Jimmie Allen,43,country
Rich,Maren Morris,44,country
Coming Home,Keith Urban Featuring Julia Michaels,45,country
Body Like A Back Road,Sam Hunt,46,country
I'll Name The Dogs,Blake Shelton,47,country
You Broke Up With Me,Walker Hayes,48,country
Born To Love You,LANCO,49,country
Drunk Me,Mitchell Tenpenny,50,country
Like I Loved You,Brett Young,51,country
Desperate Man,Eric Church,52,country
She's With Me,High Valley,53,country
Losing Sleep,Chris Young,54,country
Heart Break,Lady Antebellum,55,country
Female,Keith Urban,56,country
Millionaire,Chris Stapleton,57,country
Unforgettable,Thomas Rhett,58,country
Boy,Lee Brice,59,country
Get To You,Michael Ray,60,country
Hide The Wine,Carly Pearce,61,country
Legends,Kelsea Ballerini,62,country
Round Here Buzz,Eric Church,63,country
Light It Up,Luke Bryan,64,country
When It Rains It Pours,Luke Combs,65,country
Burning Man,Dierks Bentley Featuring Brothers Osborne,66,country
Happens Like That,Granger Smith,67,country
All Day Long,Garth Brooks,68,country
Last Shot,Kip Moore,69,country
I Could Use A Love Song,Maren Morris,70,country
Kinda Don't Care,Justin Moore,71,country
Downtown's Dead,Sam Hunt,72,country
I Hate Love Songs,Kelsea Ballerini,73,country
A Girl Like You,Easton Corbin,74,country
Shoot Me Straight,Brothers Osborne,75,country
She Ain't In It,Jon Pardi,76,country
Criminal,Lindsay Ell,77,country
Ones That Like Me,Brantley Gilbert,78,country
Burn Out,Midland,79,country
Good Girl,Dustin Lynch,80,country
The Rest Of Our Life,Tim McGraw & Faith Hill,81,country
Take It From Me,Jordan Davis,82,country
Must've Never Met You,Luke Combs,83,country
Three Chords & The Truth,Chase Rice,84,country
Make A Little,Midland,85,country
Turnin' Me On,Blake Shelton,86,country
This Is It,Scotty McCreery,87,country
"Houston, We Got A Problem",Luke Combs,88,country
I'd Be Jealous Too,Dustin Lynch,89,country
Down To The Honkytonk,Jake Owen,90,country
Famous,Mason Ramsey,91,country
Outta Style,Aaron Watson,92,country
A Little Dive Bar In Dahlonega,Ashley McBryde,93,country
David Ashley Parker From Powder Springs,Travis Denning,94,country
Doin' Fine,Lauren Alaina,95,country
The Difference,Tyler Rich,96,country
On My Way To You,Cody Johnson,97,country
Love Wins,Carrie Underwood,98,country
Girl Like You,Jason Aldean,99,country
Caught Up In The Country,Rodney Atkins Featuring The Fisk Jubilee Singers,100,country
Whiskey Glasses,Morgan Wallen,1,country
Speechless,Dan + Shay,2,country
God's Country,Blake Shelton,3,country
Beautiful Crazy,Luke Combs,4,country
Beer Never Broke My Heart,Luke Combs,5,country
The Git Up,Blanco Brown,6,country
Tequila,Dan + Shay,7,country
Rumor,Lee Brice,8,country
Knockin' Boots,Luke Bryan,9,country
Meant To Be,Bebe Rexha & Florida Georgia Line,10,country
Look What God Gave Her,Thomas Rhett,11,country
Talk You Out Of It,Florida Georgia Line,12,country
Good As You,Kane Brown,13,country
I Don't Know About You,Chris Lane,14,country
All To Myself,Dan + Shay,15,country
GIRL,Maren Morris,16,country
Miss Me More,Kelsea Ballerini,17,country
What Happens In A Small Town,Brantley Gilbert + Lindsay Ell,18,country
Prayed For You,Matt Stell,19,country
Eyes On You,Chase Rice,20,country
One Thing Right,Marshmello & Kane Brown,21,country
She Got The Best Of Me,Luke Combs,22,country
Rearview Town,Jason Aldean,23,country
Here Tonight,Brett Young,24,country
The Bones,Maren Morris,25,country
One Man Band,Old Dominion,26,country
On My Way To You,Cody Johnson,27,country
This Is It,Scotty McCreery,28,country
Love You Too Late,Cole Swindell,29,country
The Ones That Didn't Make It Back Home,Justin Moore,30,country
Every Little Thing,Russell Dickerson,31,country
Night Shift,Jon Pardi,32,country
Girl Like You,Jason Aldean,33,country
Good Vibes,Chris Janson,34,country
Living,Dierks Bentley,35,country
Make It Sweet,Old Dominion,36,country
Some Of It,Eric Church,37,country
Even Though I'm Leaving,Luke Combs,38,country
What If I Never Get Over You,Lady Antebellum,39,country
Millionaire,Chris Stapleton,40,country
Southbound,Carrie Underwood,41,country
Raised On Country,Chris Young,42,country
We Were,Keith Urban,43,country
Take It From Me,Jordan Davis,44,country
Love Someone,Brett Eldredge,45,country
"10,000 Hours",Dan + Shay & Justin Bieber,46,country
Best Shot,Jimmie Allen,47,country
Down To The Honkytonk,Jake Owen,48,country
Love Ain't,Eli Young Band,49,country
Love Wins,Carrie Underwood,50,country
Lose It,Kane Brown,51,country
What Makes You Country,Luke Bryan,52,country
There Was This Girl,Riley Green,53,country
Tip Of My Tongue,Kenny Chesney,54,country
Burning Man,Dierks Bentley Featuring Brothers Osborne,55,country
Sixteen,Thomas Rhett,56,country
Drunk Me,Mitchell Tenpenny,57,country
Ridin' Roads,Dustin Lynch,58,country
Buy My Own Drinks,Runaway June,59,country
One That Got Away,Michael Ray,60,country
Burn Out,Midland,61,country
To A T,Ryan Hurd,62,country
Rednecker,HARDY,63,country
Heartache Medication,Jon Pardi,64,country
Thought About You,Tim McGraw,65,country
Remember You Young,Thomas Rhett,66,country
Caught Up In The Country,Rodney Atkins Featuring The Fisk Jubilee Singers,67,country
It All Comes Out In The Wash,Miranda Lambert,68,country
Back To Life,Rascal Flatts,69,country
Every Little Honky Tonk Bar,George Strait,70,country
Dive Bar,Garth Brooks & Blake Shelton,71,country
Good Girl,Dustin Lynch,72,country
I Hope,Gabby Barrett,73,country
Homesick,Kane Brown,74,country
Heartless,Diplo Presents Thomas Wesley Featuring Morgan Wallen,75,country
Make Me Want To,Jimmie Allen,76,country
Nothing To Do Town,Dylan Scott,77,country
Rainbow,Kacey Musgraves,78,country
Someone I Used To Know,Zac Brown Band,79,country
Mr. Lonely,Midland,80,country
Last Shot,Kip Moore,81,country
More Hearts Than Mine,Ingrid Andress,82,country
Closer To You,Carly Pearce,83,country
Hell Right,Blake Shelton Featuring Trace Adkins,84,country
Day Drunk,Morgan Evans,85,country
Slow Dance In A Parking Lot,Jordan Davis,86,country
Somebody's Daughter,Tenille Townes,87,country
homecoming queen?,Kelsea Ballerini,88,country
The Difference,Tyler Rich,89,country
Never Comin Down,Keith Urban,90,country
I Wish Grandpas Never Died,Riley Green,91,country
Catch,Brett Young,92,country
We Back,Jason Aldean,93,country
Turnin' Me On,Blake Shelton,94,country
Neon Church,Tim McGraw,95,country
Kinfolks,Sam Hunt,96,country
Die From A Broken Heart,Maddie & Tae,97,country
Chasin' You,Morgan Wallen,98,country
Lonely If You Are,Chase Rice,99,country
Stronger Than Me,Garth Brooks,100,country
I Hope,Gabby Barrett,1,country
The Bones,Maren Morris,2,country
"10,000 Hours",Dan + Shay & Justin Bieber,3,country
Chasin' You,Morgan Wallen,4,country
Nobody But You,Blake Shelton Duet With Gwen Stefani,5,country
One Man Band,Old Dominion,6,country
Got What I Got,Jason Aldean,7,country
Die From A Broken Heart,Maddie & Tae,8,country
I Hope You're Happy Now,Carly Pearce & Lee Brice,9,country
One Of Them Girls,Lee Brice,10,country
One Margarita,Luke Bryan,11,country
Hard To Forget,Sam Hunt,12,country
Kinfolks,Sam Hunt,13,country
One Beer,HARDY Featuring Lauren Alaina & Devin Dawson,14,country
Bluebird,Miranda Lambert,15,country
Does To Me,Luke Combs Featuring Eric Church,16,country
More Than My Hometown,Morgan Wallen,17,country
Even Though I'm Leaving,Luke Combs,18,country
Lovin' On You,Luke Combs,19,country
More Hearts Than Mine,Ingrid Andress,20,country
Cool Again,Kane Brown,21,country
Homesick,Kane Brown,22,country
I Love My Country,Florida Georgia Line,23,country
Be A Light,"Thomas Rhett Featuring Reba McEntire, Hillary Scott, Chris Tomlin & Keith Urban",24,country
After A Few,Travis Denning,25,country
Beer Can't Fix,Thomas Rhett Featuring Jon Pardi,26,country
What She Wants Tonight,Luke Bryan,27,country
God Whispered Your Name,Keith Urban,28,country
Some Girls,Jameson Rodgers,29,country
Pretty Heart,Parker McCollum,30,country
Slow Dance In A Parking Lot,Jordan Davis,31,country
Heartache Medication,Jon Pardi,32,country
Here And Now,Kenny Chesney,33,country
Catch,Brett Young,34,country
One Night Standards,Ashley McBryde,35,country
Love You Like I Used To,Russell Dickerson,36,country
Why We Drink,Justin Moore,37,country
One Big Country Song,LOCASH,38,country
I Called Mama,Tim McGraw,39,country
What If I Never Get Over You,Lady Antebellum,40,country
We Back,Jason Aldean,41,country
Everywhere But On,Matt Stell,42,country
Done,Chris Janson,43,country
homecoming queen?,Kelsea Ballerini,44,country
I Should Probably Go To Bed,Dan + Shay,45,country
In Between,Scotty McCreery,46,country
I Wish Grandpas Never Died,Riley Green,47,country
Ain't Always The Cowboy,Jon Pardi,48,country
Homemade,Jake Owen,49,country
Happy Anywhere,Blake Shelton Featuring Gwen Stefani,50,country
7 Summers,Morgan Wallen,51,country
Make Me Want To,Jimmie Allen,52,country
Ridin' Roads,Dustin Lynch,53,country
Champagne Night,Lady A,54,country
Heartless,Diplo Presents Thomas Wesley Featuring Morgan Wallen,55,country
She's Mine,Kip Moore,56,country
One Thing Right,Marshmello & Kane Brown,57,country
"Big, Big Plans",Chris Lane,58,country
Just The Way,Parmalee x Blanco Brown,59,country
Lonely If You Are,Chase Rice,60,country
Better Together,Luke Combs,61,country
Monsters,Eric Church,62,country
Dive Bar,Garth Brooks & Blake Shelton,63,country
Remember You Young,Thomas Rhett,64,country
Good Time,Niko Moon,65,country
Drinking Alone,Carrie Underwood,66,country
Almost Maybes,Jordan Davis,67,country
Lady,Brett Young,68,country
Starting Over,Chris Stapleton,69,country
Hole In The Bottle,Kelsea Ballerini,70,country
Six Feet Apart,Luke Combs,71,country
My Truck,BRELAND,72,country
The Other Girl,Kelsea Ballerini x Halsey,73,country
The Good Ones,Gabby Barrett,74,country
Getting Good,Lauren Alaina,75,country
Betty,Taylor Swift,76,country
What Could've Been,Gone West,77,country
Momma's House,Dustin Lynch,78,country
Stick That In Your Country Song,Eric Church,79,country
Happy Does,Kenny Chesney,80,country
To A T,Ryan Hurd,81,country
Blessings,Florida Georgia Line,82,country
Her World Or Mine,Michael Ray,83,country
Tip Of My Tongue,Kenny Chesney,84,country
Forever After All,Luke Combs,85,country
No I In Beer,Brad Paisley,86,country
To Hell & Back,Maren Morris,87,country
Drowning,Chris Young,88,country
Hell Right,Blake Shelton Featuring Trace Adkins,89,country
"Wine, Beer, Whiskey",Little Big Town,90,country
Beers And Sunshine,Darius Rucker,91,country
This Bar,Morgan Wallen,92,country
Some People Do,Old Dominion,93,country
Who You Are To Me,Chris Tomlin Featuring Lady A,94,country
One Too Many,Keith Urban Duet With P!nk,95,country
We Were,Keith Urban,96,country
Cover Me Up,Morgan Wallen,97,country
Long Live,Florida Georgia Line,98,country
Gaslighter,The Chicks,99,country
Cheatin' Songs,Midland,100,country
Forever After All,Luke Combs,1,country
Fancy Like,Walker Hayes,2,country
I Hope,Gabby Barrett,3,country
Better Together,Luke Combs,4,country
Famous Friends,Chris Young + Kane Brown,5,country
The Good Ones,Gabby Barrett,6,country
Chasing After You,Ryan Hurd With Maren Morris,7,country
Starting Over,Chris Stapleton,8,country
Lil Bit,Nelly & Florida Georgia Line,9,country
Glad You Exist,Dan + Shay,10,country
One Too Many,Keith Urban Duet With P!nk,11,country
Drunk (And I Don't Wanna Go Home),Elle King & Miranda Lambert,12,country
What's Your Country Song,Thomas Rhett,13,country
Settling Down,Miranda Lambert,14,country
Sand In My Boots,Morgan Wallen,15,country
Hell Of A View,Eric Church,16,country
Things A Man Oughta Know,Lainey Wilson,17,country
Almost Maybes,Jordan Davis,18,country
Gone,Dierks Bentley,19,country
Good Time,Niko Moon,20,country
Wasted On You,Morgan Wallen,21,country
If I Didn't Love You,Jason Aldean & Carrie Underwood,22,country
Single Saturday Night,Cole Swindell,23,country
Breaking Up Was Easy In The 90's,Sam Hunt,24,country
Country Again,Thomas Rhett,25,country
Memory I Don't Mess With,Lee Brice,26,country
Waves,Luke Bryan,27,country
My Boy,Elvie Shane,28,country
Made For You,Jake Owen,29,country
Drinkin' Beer. Talkin' God. Amen.,Chase Rice Featuring Florida Georgia Line,30,country
Blame It On You,Jason Aldean,31,country
You Should Probably Leave,Chris Stapleton,32,country
More Than My Hometown,Morgan Wallen,33,country
Cold Beer Calling My Name,Jameson Rodgers Featuring Luke Combs,34,country
Down To One,Luke Bryan,35,country
I Was On A Boat That Day,Old Dominion,36,country
Long Live,Florida Georgia Line,37,country
Nobody,Dylan Scott,38,country
We Didn't Have Much,Justin Moore,39,country
Just The Way,Parmalee x Blanco Brown,40,country
Buy Dirt,Jordan Davis Featuring Luke Bryan,41,country
Somebody's Problem,Morgan Wallen,42,country
Minimum Wage,Blake Shelton,43,country
Knowing You,Kenny Chesney,44,country
Somebody Like That,Tenille Arts,45,country
7 Summers,Morgan Wallen,46,country
Lady,Brett Young,47,country
Next Girl,Carly Pearce,48,country
Momma's House,Dustin Lynch,49,country
You Time,Scotty McCreery,50,country
Beers And Sunshine,Darius Rucker,51,country
Hole In The Bottle,Kelsea Ballerini,52,country
Memory,Kane Brown X blackbear,53,country
Cold As You,Luke Combs,54,country
Just About Over You,Priscilla Block,55,country
Happy Anywhere,Blake Shelton Featuring Gwen Stefani,56,country
I Should Probably Go To Bed,Dan + Shay,57,country
"Wine, Beer, Whiskey",Little Big Town,58,country
Thinking 'Bout You,Dustin Lynch Featuring Lauren Alaina Or MacKenzie Porter,59,country
Whiskey And Rain,Michael Ray,60,country
Shallow,Garth Brooks & Trisha Yearwood,61,country
Still Goin Down,Morgan Wallen,62,country
Pretty Heart,Parker McCollum,63,country
Undivided,Tim McGraw & Tyler Hubbard,64,country
Same Boat,Zac Brown Band,65,country
Half Of My Hometown,Kelsea Ballerini Featuring Kenny Chesney,66,country
How They Remember You,Rascal Flatts,67,country
Happy Does,Kenny Chesney,68,country
Tequila Little Time,Jon Pardi,69,country
Freedom Was A Highway,Jimmie Allen & Brad Paisley,70,country
Like A Lady,Lady A,71,country
Worship You,Kane Brown,72,country
"Big, Big Plans",Chris Lane,73,country
865,Morgan Wallen,74,country
Warning,Morgan Wallen,75,country
Champagne Night,Lady A,76,country
Give Heaven Some Hell,HARDY,77,country
To Be Loved By You,Parker McCollum,78,country
Dangerous,Morgan Wallen,79,country
Love Story (Taylor's Version),Taylor Swift,80,country
Home Sweet,Russell Dickerson,81,country
One Mississippi,Kane Brown,82,country
Livin' The Dream,Morgan Wallen,83,country
Am I The Only One,Aaron Lewis,84,country
One Of Them Girls,Lee Brice,85,country
Mr. Perfectly Fine (Taylor's Version) (From The Vault),Taylor Swift,86,country
Dicked Down In Dallas,Trey Lewis,87,country
One Beer,HARDY Featuring Lauren Alaina & Devin Dawson,88,country
Ain't Always The Cowboy,Jon Pardi,89,country
Love You Like I Used To,Russell Dickerson,90,country
All Night,Brothers Osborne,91,country
Take Me Home For Christmas,Dan + Shay,92,country
I Quit Drinking,Kelsea Ballerini & LANY,93,country
That's What Cowboys Do,Garth Brooks,94,country
Ride The Lightning (717 Tapes),Warren Zeiders,95,country
Under The Mistletoe,Kelly Clarkson & Brett Eldredge,96,country
Favorite Time Of Year,Carrie Underwood,97,country
Hallelujah,Carrie Underwood & John Legend,98,country
Truth About You,Mitchell Tenpenny,99,country
Lady Like,Ingrid Andress,100,country
Wasted On You,Morgan Wallen,1,country
You Proof,Morgan Wallen,2,country
'Til You Can't,Cody Johnson,3,country
Fancy Like,Walker Hayes,4,country
The Kind Of Love We Make,Luke Combs,5,country
Something In The Orange,Zach Bryan,6,country
She Had Me At Heads Carolina,Cole Swindell,7,country
Fall In Love,Bailey Zimmerman,8,country
Buy Dirt,Jordan Davis Featuring Luke Bryan,9,country
AA,Walker Hayes,10,country
5 Foot 9,Tyler Hubbard,11,country
Doin' This,Luke Combs,12,country
Wishful Drinking,Ingrid Andress With Sam Hunt,13,country
If I Didn't Love You,Jason Aldean & Carrie Underwood,14,country
All Too Well (Taylor's Version),Taylor Swift,15,country
She Likes It,Russell Dickerson & Jake Scott,16,country
Rock And A Hard Place,Bailey Zimmerman,17,country
Son Of A Sinner,Jelly Roll,18,country
Take My Name,Parmalee,19,country
Pick Me Up,Gabby Barrett,20,country
Damn Strait,Scotty McCreery,21,country
Trouble With A Heartbreak,Jason Aldean,22,country
You Should Probably Leave,Chris Stapleton,23,country
Like I Love Country Music,Kane Brown,24,country
Circles Around This Town,Maren Morris,25,country
Thinking 'Bout You,Dustin Lynch Featuring Lauren Alaina Or MacKenzie Porter,26,country
Never Say Never,Cole Swindell / Lainey Wilson,27,country
Last Night Lonely,Jon Pardi,28,country
Beers On Me,"Dierks Bentley, BRELAND & HARDY",29,country
Flower Shops,ERNEST Featuring Morgan Wallen,30,country
Sand In My Boots,Morgan Wallen,31,country
Slow Down Summer,Thomas Rhett,32,country
If I Was A Cowboy,Miranda Lambert,33,country
Whiskey On You,Nate Smith,34,country
Truth About You,Mitchell Tenpenny,35,country
Thought You Should Know,Morgan Wallen,36,country
Drunk (And I Don't Wanna Go Home),Elle King & Miranda Lambert,37,country
Heart On Fire,Eric Church,38,country
Wild As Her,Corey Kent,39,country
One Mississippi,Kane Brown,40,country
Ghost Story,Carrie Underwood,41,country
To Be Loved By You,Parker McCollum,42,country
Never Wanted To Be That Girl,Carly Pearce & Ashley McBryde,43,country
Joy Of My Life,Chris Stapleton,44,country
Soul,Lee Brice,45,country
23,Sam Hunt,46,country
What My World Spins Around,Jordan Davis,47,country
Don't Come Lookin',Jackson Dean,48,country
Give Heaven Some Hell,HARDY,49,country
Half Of My Hometown,Kelsea Ballerini Featuring Kenny Chesney,50,country
Best Thing Since Backroads,Jake Owen,51,country
Come Back As A Country Boy,Blake Shelton,52,country
7500 OBO,Tim McGraw,53,country
Freedom Was A Highway,Jimmie Allen & Brad Paisley,54,country
New Truck,Dylan Scott,55,country
With A Woman You Love,Justin Moore,56,country
At The End Of A Bar,Chris Young With Mitchell Tenpenny,57,country
Don't Think Jesus,Morgan Wallen,58,country
Whiskey And Rain,Michael Ray,59,country
Heartfirst,Kelsea Ballerini,60,country
Wild Hearts,Keith Urban,61,country
Half Of Me,Thomas Rhett Featuring Riley Green,62,country
Country On,Luke Bryan,63,country
Thank God,Kane Brown With Katelyn Brown,64,country
No Hard Feelings,Old Dominion,65,country
Cold As You,Luke Combs,66,country
Tomorrow Me,Luke Combs,67,country
Down Home,Jimmie Allen,68,country
I Bet You Think About Me (Taylor's Version) (From The Vault),Taylor Swift Featuring Chris Stapleton,69,country
Party Mode,Dustin Lynch,70,country
Home Sweet,Russell Dickerson,71,country
What He Didn't Do,Carly Pearce,72,country
Dear Alcohol,Dax,73,country
Wait In The Truck,HARDY Featuring Lainey Wilson,74,country
Out In The Middle,Zac Brown Band,75,country
Where It Ends,Bailey Zimmerman,76,country
Tequila Little Time,Jon Pardi,77,country
Praise The Lord,BRELAND Featuring Thomas Rhett,78,country
Chasing After You,Ryan Hurd With Maren Morris,79,country
Oklahoma Smoke Show,Zach Bryan,80,country
Wilder Days,Morgan Wade,81,country
Narcissist,Avery Anna,82,country
U Gurl,Walker Hayes,83,country
Hell Yeah,Little Big Town,84,country
Same Boat,Zac Brown Band,85,country
Leave You Alone,Kane Brown,86,country
Steal My Love,Dan + Shay,87,country
Y'all Life,Walker Hayes,88,country
Pick Out A Christmas Tree,Dan + Shay,89,country
Up,Luke Bryan,90,country
From Austin,Zach Bryan,91,country
That's What Tequila Does,Jason Aldean,92,country
Good Ol' Man,Drew Green,93,country
Cold,Chris Stapleton,94,country
Can't Have Mine,Dylan Scott,95,country
Tennessee Orange,Megan Moroney,96,country
Everything She Ain't,Hailey Whitters,97,country
Handle On You,Parker McCollum,98,country
Growing Old With You,Restless Road,99,country
Heart Like A Truck,Lainey Wilson,100,country
